Key,Value,"Plugin name","File name"
CookiePositionTitle,"Cookie Einstellungen",CookiePosition,CookiePosition.properties
confirmationHeader,"Sehr geehrter Kunde,",cytItemAvailabilityNotification,Mail.properties
confirmationText,"Gerne informieren wir Dich, sobald der Artikel "":itemName"" wieder verfügbar ist. Bitte bestätige dazu Deine E-Mail-Adresse über folgenden Link:",cytItemAvailabilityNotification,Mail.properties
confirmationLinkText,:confirmationUrl,cytItemAvailabilityNotification,Mail.properties
confirmationFooter,"Vielen Dank",cytItemAvailabilityNotification,Mail.properties
notificationHeader,"Sehr geehrter Kunde,",cytItemAvailabilityNotification,Mail.properties
notificationText,"wir freuen uns, Dir mitteilen zu können, dass der Artikel "":itemName"" ab sofort wieder in unserem Online-Shop verfügbar ist.",cytItemAvailabilityNotification,Mail.properties
notificationLinkText,":itemName"" im Shop anzeigen",cytItemAvailabilityNotification,Mail.properties
notificationFooter,"Vielen Dank",cytItemAvailabilityNotification,Mail.properties
formHintText,"Gerne informieren wir Dich, sobald der Artikel wieder verfügbar ist.",cytItemAvailabilityNotification,Template.properties
mailInputLabel,E-Mail-Adresse,cytItemAvailabilityNotification,Template.properties
subscriptionSucceed,"Wir haben Dir eine E-Mail zur Bestätigung Deiner Registrierung gesendet. Bitte prüfe Dein Postfach.",cytItemAvailabilityNotification,Template.properties
subscriptionFailed,"Bei der Registrierung kam es zu einem Fehler!",cytItemAvailabilityNotification,Template.properties
subscriptionReCaptchaFailed,"Um das Formular abzuschicken, musst Du den Google reCAPTCHA-Cookie akzeptieren. Öffne die Datenschutzeinstellungen links unten auf der Seite und klicke auf ""Weitere Einstellungen"". Aktiviere den reCAPTCHA-Cookie im Bereich ""Externe Medien"" und speichere die Einstellungen.",cytItemAvailabilityNotification,Template.properties
confirmationSucceed,"Vielen Dank. Wir benachrichtigen Dich, sobald der gewünschte Artikel wieder verfügbar ist.",cytItemAvailabilityNotification,Template.properties
confirmationFailed,"Bei der Bestätigung Deiner Registrierung kam es zu einem Fehler!",cytItemAvailabilityNotification,Template.properties
invalidMail,"Die E-Mail-Adresse ist ungültig",cytItemAvailabilityNotification,Template.properties
submitLabel,Senden,cytItemAvailabilityNotification,Template.properties
notificationMailSubject,"Dein gewünschter Artikel ist wieder verfügbar!",cytItemAvailabilityNotification,Template.properties
confirmationMailSubject,"Bitte bestätige Deine Registrierung",cytItemAvailabilityNotification,Template.properties
privacyHintText,"Mit der Anmeldung bestätige ich, dass ich die :policy gelesen habe.",cytItemAvailabilityNotification,Template.properties
requiredPrivacyHintText,"Hiermit bestätige ich, dass ich die :policy gelesen habe.",cytItemAvailabilityNotification,Template.properties
bankAccountOwner,Inhaber:,PrePayment,PaymentMethod.properties
bankDetails,Bankdaten,PrePayment,PaymentMethod.properties
bankIban,IBAN:,PrePayment,PaymentMethod.properties
bankName,Bank:,PrePayment,PaymentMethod.properties
bankSwift,BIC/SWIFT:,PrePayment,PaymentMethod.properties
reinitPaymentButton,"Bankdetails anzeigen",PrePayment,PaymentMethod.properties
designatedUse,Verwendungszweck,PrePayment,PaymentMethod.properties
designatedUseText,"Die Versandabwicklung der Bestellung erfolgt erst nach Zahlungseingang. Bitte gib folgenden Verwendungszweck an:",PrePayment,PaymentMethod.properties
paymentMethodDescription,,PrePayment,PaymentMethod.properties
paymentMethodName,Vorkasse,PrePayment,PaymentMethod.properties
tag1TextStatusAvailable,"Verfügbar TAG 1.",ItemAvailabilityInfo,Tags.properties
tag1TextStatusOthers,"Alle andere Kombination TAG 1.",ItemAvailabilityInfo,Tags.properties
tag1TextStatusPreorder,"Zum Vorbestellen TAG 1.",ItemAvailabilityInfo,Tags.properties
tag2TextStatusAvailable,"Verfügbar TAG 2.",ItemAvailabilityInfo,Tags.properties
tag2TextStatusOthers,"Alle andere Kombination TAG 2.",ItemAvailabilityInfo,Tags.properties
tag2TextStatusPreorder,"Zum Vorbestellen TAG 2.",ItemAvailabilityInfo,Tags.properties
tag3TextStatusAvailable,"Verfügbar TAG 3.",ItemAvailabilityInfo,Tags.properties
tag3TextStatusOthers,"Alle andere Kombination TAG 3.",ItemAvailabilityInfo,Tags.properties
tag3TextStatusPreorder,"Zum Vorbestellen TAG 3.",ItemAvailabilityInfo,Tags.properties
tag4TextStatusAvailable,"Verfügbar TAG 4.",ItemAvailabilityInfo,Tags.properties
tag4TextStatusOthers,"Alle andere Kombination TAG 4.",ItemAvailabilityInfo,Tags.properties
tag4TextStatusPreorder,"Zum Vorbestellen TAG 4.",ItemAvailabilityInfo,Tags.properties
tag5TextStatusAvailable,"Verfügbar TAG 5.",ItemAvailabilityInfo,Tags.properties
tag5TextStatusOthers,"Alle andere Kombination TAG 5.",ItemAvailabilityInfo,Tags.properties
tag5TextStatusPreorder,"Zum Vorbestellen TAG 5.",ItemAvailabilityInfo,Tags.properties
textsDeliveryPossible,"Artikel zum Vorbestellen (Lieferbar in 2-4 Wochen)",ItemAvailabilityInfo,Template.properties
textsDeliveryPossibleBtn,"Jetzt vorbestellen",ItemAvailabilityInfo,Template.properties
textsNotDeliverable,"Artikel nicht lieferbar",ItemAvailabilityInfo,Template.properties
textsOnStock,"Stück lagernd",ItemAvailabilityInfo,Template.properties
textsOnStockPrefix,"mehr als",ItemAvailabilityInfo,Template.properties
textsShippingService,"24 Std. Versand möglich",ItemAvailabilityInfo,Template.properties
textsVariationId,"Varianten ID",ItemAvailabilityInfo,Template.properties
ExecuteMolliePaymentCheckout,"Execute Mollie Payment REDIRECT to checkout",Mollie,PaymentFlow.properties
ExecuteMolliePaymentContinuing,"Execute Mollie Payment CONTINUE to confirmation",Mollie,PaymentFlow.properties
ExecuteMolliePaymentCreatedRelation,"Execute Mollie Payment Created Relation",Mollie,PaymentFlow.properties
ExecuteMolliePaymentGotPaymentId,"Execute Mollie Payment Hook Got paymentId from session",Mollie,PaymentFlow.properties
ExecuteMolliePaymentHook,"Execute Mollie Payment Hook",Mollie,PaymentFlow.properties
ExecuteMolliePaymentRedirecting,"Execute Mollie Payment REDIRECT to payment journey",Mollie,PaymentFlow.properties
GettingMollieOrder,"Getting Mollie Order",Mollie,PaymentFlow.properties
IncomingWebhook,"Incoming Webhook",Mollie,PaymentFlow.properties
IncomingWebhookUpdatedPlentyOrder,"Incoming Webhook Updated Plenty Order",Mollie,PaymentFlow.properties
MollieDuplicateWebhook,"Mollie Duplicate Webhook",Mollie,PaymentFlow.properties
OrderPaidOrPendingCheck,"Checking if Mollie order is paid or pending",Mollie,PaymentFlow.properties
OrderReinitGotOrderId,"Order reinit received orderId from session",Mollie,PaymentFlow.properties
OrderReinitHasOrderId,"Order reinit has orderId from session",Mollie,PaymentFlow.properties
PaymentAfterUpdateInitialPayment,"Payment after update Initial payment",Mollie,PaymentFlow.properties
PaymentBecomesUnaccountable,"Payment becomes unaccountable",Mollie,PaymentFlow.properties
PaymentBeforeUpdateInitialPayment,"Payment before update Initial payment",Mollie,PaymentFlow.properties
PaymentCheckout,"Payment Checkout customer return",Mollie,PaymentFlow.properties
PaymentCheckoutCheckout,"Payment Checkout REDIRECT to checkout",Mollie,PaymentFlow.properties
PaymentCheckoutCheckoutNoCase,"Payment Checkout REDIRECT - no case",Mollie,PaymentFlow.properties
PaymentCheckoutConfirmation,"Payment Checkout REDIRECT to confirmation",Mollie,PaymentFlow.properties
PaymentCheckoutGotOrderId,"Payment Checkout got orderId from session",Mollie,PaymentFlow.properties
PaymentCheckoutGotPaymentId,"Payment Checkout got paymentId from session",Mollie,PaymentFlow.properties
PaymentCheckoutPlaceOrder,"Payment Checkout REDIRECT to placeOrder",Mollie,PaymentFlow.properties
PaymentControllerCreateOrderByCreditCard,"PaymentController createOrderByCreditCard",Mollie,PaymentFlow.properties
PaymentSuccessful,"Die Zahlung wurde erfolgreich ausgeführt.",Mollie,PaymentFlow.properties
PreparePaymentContinuing,"Prepare Payment Hook CONTINUE to place order",Mollie,PaymentFlow.properties
PreparePaymentHook,"Prepare Payment Hook",Mollie,PaymentFlow.properties
PreparePaymentMopMismatch,"Prepare Payment Hook ERROR  methods mismatch",Mollie,PaymentFlow.properties
PreparePaymentRedirecting,"Prepare Payment Hook REDIRECT to payment journey",Mollie,PaymentFlow.properties
UpdatedPlentyOrderIdOnMollieOrder,"Updated Plenty OrderId On MollieOrder",Mollie,PaymentFlow.properties
UpdatedPlentyOrderIdOnMolliePayment,"Updated Plenty OrderId On Mollie Payment",Mollie,PaymentFlow.properties
UpdatingPlentyOrder,"Updating Plenty Order",Mollie,PaymentFlow.properties
WebhookBreakdown,"Webhook breakdown",Mollie,PaymentFlow.properties
ApplePayMethodDescription,,Mollie,PaymentMethods.properties
ApplePayMethodName,"Apple Pay",Mollie,PaymentMethods.properties
BancomatpayMethodDescription,,Mollie,PaymentMethods.properties
BancomatpayMethodName,"BANCOMAT Pay",Mollie,PaymentMethods.properties
BancontactMethodDescription,,Mollie,PaymentMethods.properties
BancontactMethodName,Bancontact,Mollie,PaymentMethods.properties
BankTransferMethodDescription,,Mollie,PaymentMethods.properties
BankTransferMethodName,Überweisung,Mollie,PaymentMethods.properties
BelfiusMethodDescription,,Mollie,PaymentMethods.properties
BelfiusMethodName,Belfius,Mollie,PaymentMethods.properties
BillieMethodDescription,,Mollie,PaymentMethods.properties
BillieMethodName,"Rechnungskauf für Firmenkunden",Mollie,PaymentMethods.properties
BlikMethodDescription,,Mollie,PaymentMethods.properties
BlikMethodName,BLIK,Mollie,PaymentMethods.properties
CreditCardMethodDescription,,Mollie,PaymentMethods.properties
CreditCardMethodName,Kreditkarte,Mollie,PaymentMethods.properties
DirectDebitMethodDescription,,Mollie,PaymentMethods.properties
DirectDebitMethodName,SEPA-Lastschrift,Mollie,PaymentMethods.properties
EpsMethodDescription,,Mollie,PaymentMethods.properties
EpsMethodName,EPS,Mollie,PaymentMethods.properties
GiftcardMethodDescription,,Mollie,PaymentMethods.properties
GiftcardMethodName,Geschenkkarten,Mollie,PaymentMethods.properties
GiropayMethodDescription,,Mollie,PaymentMethods.properties
GiropayMethodName,Giropay,Mollie,PaymentMethods.properties
IdealMethodDescription,,Mollie,PaymentMethods.properties
IdealMethodName,iDEAL,Mollie,PaymentMethods.properties
In3MethodDescription,,Mollie,PaymentMethods.properties
In3MethodName,in3,Mollie,PaymentMethods.properties
IngHomepayMethodDescription,,Mollie,PaymentMethods.properties
KbcMethodDescription,,Mollie,PaymentMethods.properties
KbcMethodName,KBC/CBC,Mollie,PaymentMethods.properties
KlarnaMethodDescription,,Mollie,PaymentMethods.properties
KlarnaMethodName,"Bezahle mit Klarna",Mollie,PaymentMethods.properties
KlarnaPayNowMethodDescription,,Mollie,PaymentMethods.properties
KlarnaPayNowMethodName,"Klarna Pay Now",Mollie,PaymentMethods.properties
KlarnaPaylaterMethodDescription,,Mollie,PaymentMethods.properties
KlarnaPaylaterMethodName,"Klarna Pay Later",Mollie,PaymentMethods.properties
KlarnaSliceitMethodDescription,,Mollie,PaymentMethods.properties
KlarnaSliceitMethodName,"Klarna Slice it",Mollie,PaymentMethods.properties
PayByBankMethodDescription,,Mollie,PaymentMethods.properties
PayByBankMethodName,Banküberweisung,Mollie,PaymentMethods.properties
PaypalMethodDescription,,Mollie,PaymentMethods.properties
PaypalMethodName,Paypal,Mollie,PaymentMethods.properties
PaysafecardMethodDescription,,Mollie,PaymentMethods.properties
PaysafecardMethodName,Paysafecard,Mollie,PaymentMethods.properties
Przelewy24MethodDescription,,Mollie,PaymentMethods.properties
Przelewy24MethodName,Przelewy24,Mollie,PaymentMethods.properties
SofortMethodDescription,,Mollie,PaymentMethods.properties
SofortMethodName,"SOFORT Banking",Mollie,PaymentMethods.properties
TrustlyMethodDescription,,Mollie,PaymentMethods.properties
TrustlyMethodName,Trustly,Mollie,PaymentMethods.properties
TwintMethodDescription,,Mollie,PaymentMethods.properties
TwintMethodName,Twint,Mollie,PaymentMethods.properties
cancel,Abbrechen,Mollie,UI.properties
cardHolder,"Name des Karteninhabers",Mollie,UI.properties
cardNumber,Kreditkartennummer,Mollie,UI.properties
cvv,CVV,Mollie,UI.properties
deleteCreditCard,"Kreditkartendaten löschen",Mollie,UI.properties
expiryDate,MM/JJ,Mollie,UI.properties
initPayment,Bezahlen,Mollie,UI.properties
proceed,Weiter,Mollie,UI.properties
singleClickPaymentLabel,"Kreditkartendaten für den nächsten Einkauf speichern.",Mollie,UI.properties
verificationCode,CVV,Mollie,UI.properties
consentAdcellDescription,"ADCELLsession - Wird beim Besuchen von www.adcell.de gesetzt. Der Cookie ist nach dem letzten Besuch eine Stunde weiter gültig. ADCELLpidX - Dieser Cookie wird gesetzt nach dem Klick auf ein ADCELL Werbemittel und enthält Informationen über Publisher, Werbemittel, SubID, Referrer und Zeitstempel. Das X im Cookie-Namen steht für die ProgrammID des Werbemittels. Die Gültigkeitsdauer des Cookies ist abhängig vom entsprechenden Programm. ADCELLspidX - Dieser Cookie wird gesetzt nach dem Klick auf ein ADCELL Werbemittel und enthält Informationen über Publisher, Werbemittel, SubID, Referrer und Zeitstempel. Das X im Cookie-Namen steht für die ProgrammID des Werbemittels. Der Cookie wird nach Beenden des Browsers gelöscht. ADCELLvpidX - Dieser Cookie wird gesetzt nach dem Ausspielen eines ADCELL Werbemittels und enthält Informationen über Publisher, Werbemittel, SubID, Referrer und Zeitstempel. Das X im Cookie-Namen steht für die ProgrammID des Werbemittels. Die Gültigkeitsdauer des Cookies ist abhängig vom entsprechenden Programm. ADCELLjhX - Dieser Cookie wird nach wiederholtem Ausspielen oder Klicken auf ein ADCELL Werbemittel gesetzt. Damit wird der Weg des Nutzers über die verschiedenen Publisher nachvollzogen. Das X im Cookie-Namen steht für die ProgrammID des Werbemittels. ADCELLnoTrack - Dieser Cookie wird gesetzt, wenn der Nutzer nicht getrackt werden möchte. In Gegenwart des Cookies werden keine Cookies gesetzt, die außerhalb des Surfens auf www.adcell.de gesetzt werden könnten.",GoogleTagManagerUltimate,Consent.properties
consentAdcellLabel,ADCELL,GoogleTagManagerUltimate,Consent.properties
consentAdcellLifespan,"VARIABEL, siehe Beschreibung",GoogleTagManagerUltimate,Consent.properties
consentAdcellProvider,"ADCELL - Firstlead GmbH",GoogleTagManagerUltimate,Consent.properties
consentAwinDescription,"Cookies von AWIN, die für Website-Analyse und Anzeigenmessung verwendet werden",GoogleTagManagerUltimate,Consent.properties
consentAwinLabel,Awin,GoogleTagManagerUltimate,Consent.properties
consentAwinLifespan,Variabel,GoogleTagManagerUltimate,Consent.properties
consentAwinProvider,"AWIN AG",GoogleTagManagerUltimate,Consent.properties
consentBelboonDescription,"Cookies von Belboon, die für Website-Analyse und Anzeigenmessung verwendet werden",GoogleTagManagerUltimate,Consent.properties
consentBelboonLabel,Belboon,GoogleTagManagerUltimate,Consent.properties
consentBelboonLifespan,Variabel,GoogleTagManagerUltimate,Consent.properties
consentBelboonProvider,"belboon GmbH",GoogleTagManagerUltimate,Consent.properties
consentBingAdsDescription,"Die universelle Ereignisnachverfolgung (Universal Event Tracking, UET) ermöglicht die Nachverfolgung von Onlineabschlüssen, Remarketing, Produktzielgruppen, automatisiertes Bieten und verbessert die Performance von Anzeigen, weiter Übereinstimmung und Konsortialsuchpartnern.",GoogleTagManagerUltimate,Consent.properties
consentBingAdsLabel,"Microsoft Ads",GoogleTagManagerUltimate,Consent.properties
consentBingAdsLifespan,"1 Jahr",GoogleTagManagerUltimate,Consent.properties
consentBingAdsProvider,"Microsoft Corporation",GoogleTagManagerUltimate,Consent.properties
consentChannelPilotDescription,"Cookies von ChannelPilot, die für Website-Analyse und Anzeigenmessung verwendet werden",GoogleTagManagerUltimate,Consent.properties
consentChannelPilotLabel,ChannelPilot,GoogleTagManagerUltimate,Consent.properties
consentChannelPilotLifespan,"180 Tage",GoogleTagManagerUltimate,Consent.properties
consentChannelPilotProvider,"Channel Pilot Solutions GmbH",GoogleTagManagerUltimate,Consent.properties
consentClarityDescription,,GoogleTagManagerUltimate,Consent.properties
consentClarityLabel,,GoogleTagManagerUltimate,Consent.properties
consentClarityLifespan,,GoogleTagManagerUltimate,Consent.properties
consentClarityProvider,,GoogleTagManagerUltimate,Consent.properties
consentEcondaDescription,"Cookies von econda, die für Website-Analyse und Personalisierung verwendet werden",GoogleTagManagerUltimate,Consent.properties
consentEcondaLabel,econda,GoogleTagManagerUltimate,Consent.properties
consentEcondaLifespan,"VARIABEL, siehe Beschreibung",GoogleTagManagerUltimate,Consent.properties
consentEcondaProvider,"econda GmbH",GoogleTagManagerUltimate,Consent.properties
consentFacebookPixelDescription,"Cookies von Facebook, die für Website-Analysen, Ad Targeting und Anzeigenmessung verwendet werden.",GoogleTagManagerUltimate,Consent.properties
consentFacebookPixelLabel,"Facebook Pixel",GoogleTagManagerUltimate,Consent.properties
consentFacebookPixelLifespan,"Sitzung / 1 Jahr",GoogleTagManagerUltimate,Consent.properties
consentFacebookPixelProvider,"Facebook Ireland Limited",GoogleTagManagerUltimate,Consent.properties
consentGoogleAdsDescription,"Cookies von Google Ads, die für Website-Analysen, Ad Targeting und Anzeigenmessung verwendet werden.",GoogleTagManagerUltimate,Consent.properties
consentGoogleAdsLabel,"Google Ads Conversion Messung und dynamisches Remarketing",GoogleTagManagerUltimate,Consent.properties
consentGoogleAdsLifespan,"VARIABEL, siehe Beschreibung",GoogleTagManagerUltimate,Consent.properties
consentGoogleAdsProvider,"Google, Doubleclick.net",GoogleTagManagerUltimate,Consent.properties
consentGoogleAnalyticsDescription,"Test Cookies von Google Analytics, die für Website-Analysen, Ad Targeting und Anzeigenmessung verwendet werden.",GoogleTagManagerUltimate,Consent.properties
consentGoogleAnalyticsLabel,"Google Analytics",GoogleTagManagerUltimate,Consent.properties
consentGoogleAnalyticsLifespan,"VARIABEL, siehe Beschreibung",GoogleTagManagerUltimate,Consent.properties
consentGoogleAnalyticsProvider,"Google LLC",GoogleTagManagerUltimate,Consent.properties
consentHotjarDescription,"Cookies von Hotjar, die für Website-Analyse",GoogleTagManagerUltimate,Consent.properties
consentHotjarLabel,Hotjar,GoogleTagManagerUltimate,Consent.properties
consentHotjarLifespan,"bis zu 365 Tage",GoogleTagManagerUltimate,Consent.properties
consentHotjarProvider,"Hotjar Ltd",GoogleTagManagerUltimate,Consent.properties
consentIntelligentReachDescription,"Cookies von IntelligentReach, die für Website-Analyse und Anzeigenmessung verwendet werden",GoogleTagManagerUltimate,Consent.properties
consentIntelligentReachLabel,IntelligentReach,GoogleTagManagerUltimate,Consent.properties
consentIntelligentReachLifespan,Variabel,GoogleTagManagerUltimate,Consent.properties
consentIntelligentReachProvider,"Intelligent Reach Limited",GoogleTagManagerUltimate,Consent.properties
consentPinterestDescription,"Cookies von Pinterest, die für Website-Analysen, Ad Targeting und Anzeigenmessung verwendet werden.",GoogleTagManagerUltimate,Consent.properties
consentPinterestLabel,Pinterest,GoogleTagManagerUltimate,Consent.properties
consentPinterestLifespan,"VARIABEL, siehe Beschreibung",GoogleTagManagerUltimate,Consent.properties
consentPinterestProvider,"Pinterest Europe Ltd.",GoogleTagManagerUltimate,Consent.properties
consentSendinblueDescription,"Cookies von Sendinblue, die für Website-Analyse und Anzeigenmessung verwendet werden",GoogleTagManagerUltimate,Consent.properties
consentSendinblueLabel,Sendinblue,GoogleTagManagerUltimate,Consent.properties
consentSendinblueLifespan,Variabel,GoogleTagManagerUltimate,Consent.properties
consentSendinblueProvider,"Sendinblue GmbH",GoogleTagManagerUltimate,Consent.properties
consentTagManagerDescription,"Einbindung vom Google Tag Manager, der zur Aussteuerung von Scripten benötigt wird",GoogleTagManagerUltimate,Consent.properties
consentTagManagerLabel,"Google Tag Manager",GoogleTagManagerUltimate,Consent.properties
consentTagManagerLifespan,Variabel,GoogleTagManagerUltimate,Consent.properties
consentTagManagerProvider,"Google LLC",GoogleTagManagerUltimate,Consent.properties
consentActiveStatusDescription,"Der Consent-Cookie speichert Consent-Einstellungen zu Cookies auf unserer Seite.",GoogleTagManagerUltimate,Consent.properties
consentActiveStatusLabel,consentActiveStatus,GoogleTagManagerUltimate,Consent.properties
consentActiveStatusLifespan,"100 Tage",GoogleTagManagerUltimate,Consent.properties
externalIdDescription,"Der Session-Cookie (externalID) behält die Zustände des Benutzers bei allen Seitenanfragen bei.",GoogleTagManagerUltimate,Consent.properties
externalIdLabel,Session,GoogleTagManagerUltimate,Consent.properties
externalIdLifespan,"100 Tage",GoogleTagManagerUltimate,Consent.properties
consentMoebeldeDescription,"Cookies von Moebel.de, die für die Anzeigenmessung verwendet werden",GoogleTagManagerUltimate,Consent.properties
consentMoebeldeLabel,Moebel.de,GoogleTagManagerUltimate,Consent.properties
consentMoebeldeLifespan,Variabel,GoogleTagManagerUltimate,Consent.properties
consentMoebeldeProvider,"moebel.de Einrichten & Wohnen AG",GoogleTagManagerUltimate,Consent.properties
consentClartiyDescription,"Cookies von Clartiy, die für Website-Analyse und Anzeigenmessung verwendet werden",GoogleTagManagerUltimate,Consent.properties
consentClartiyLabel,Clartiy,GoogleTagManagerUltimate,Consent.properties
consentClartiyLifespan,Variabel,GoogleTagManagerUltimate,Consent.properties
consentClartiyProvider,"Microsoft Corporation",GoogleTagManagerUltimate,Consent.properties
customerReviewsDesc,"Kundenrezensionen ⬇",Feedback,Feedback.properties
customerReviewsAsc,"Kundenrezensionen ⬆",Feedback,Feedback.properties
customerReviews,Kundenrezensionen,Feedback,Feedback.properties
logInCustomerReviews,"Melde Dich an, um eine Kundenrezension zu verfassen.",Feedback,Feedback.properties
login,Anmelden,Feedback,Feedback.properties
title,Titel,Feedback,Feedback.properties
shopManagerLabel,Shop-Betreiber,Feedback,Feedback.properties
reviewMessage,Rezensionstext,Feedback,Feedback.properties
submitReview,"Rezension senden",Feedback,Feedback.properties
editReview,"Rezension bearbeiten",Feedback,Feedback.properties
deleteReview,"Rezension löschen",Feedback,Feedback.properties
errorDoesntOwnProduct,"Rezension nicht gesendet. Du musst den Artikel kaufen, bevor Du ihn bewerten kannst.",Feedback,Feedback.properties
cancel,Abbrechen,Feedback,Feedback.properties
noReviews,"Für diesen Artikel wurden noch keine Kundenrezensionen verfasst.",Feedback,Feedback.properties
deleteReviewConfirmation,"Möchtest Du diese Rezension wirklich löschen?",Feedback,Feedback.properties
moderationMessage,"Diese Rezension wird gerade vom Shop-Betreiber geprüft.",Feedback,Feedback.properties
maximumNumberOfFeedbacksReached,"Du hast bereits eine oder mehrere Rezensionen für diesen Artikel verfasst.",Feedback,Feedback.properties
createdOn,"Erstellt am",Feedback,Feedback.properties
addComment,"Antwort hinzufügen",Feedback,Feedback.properties
viewComments,"Antworten anzeigen",Feedback,Feedback.properties
hideComments,"Antworten verstecken",Feedback,Feedback.properties
deleteReply,"Antwort löschen",Feedback,Feedback.properties
deleteReplyConfirmation,"Möchtest Du diese Antwort wirklich löschen?",Feedback,Feedback.properties
editReply,"Antwort bearbeiten",Feedback,Feedback.properties
commentMessage,Antworttext,Feedback,Feedback.properties
submitComment,"Antwort senden",Feedback,Feedback.properties
replyMessage,Antworttext,Feedback,Feedback.properties
submitReply,"Antwort senden",Feedback,Feedback.properties
deleteConfirm,"Wirklich löschen?",Feedback,Feedback.properties
yesDeleteIt,Löschen,Feedback,Feedback.properties
verifiedPurchase,"Verifizierter Kauf",Feedback,Feedback.properties
anonymous,,Feedback,Feedback.properties
authorName,"Dein Anzeigename (optional)",Feedback,Feedback.properties
guestName,Unbekannt,Feedback,Feedback.properties
loadingFeedbacks,"Rezensionen werden geladen...",Feedback,Feedback.properties
loadingItems,"Artikel werden geladen...",Feedback,Feedback.properties
loadMore,"Weitere Rezensionen anzeigen",Feedback,Feedback.properties
ratingRequired,"Bitte gib eine Bewertung ab.",Feedback,Feedback.properties
titleRequired,"Bitte gib einen Titel ein.",Feedback,Feedback.properties
feedbackLabel,,Feedback,Feedback.properties
orderItemTitle,"Bewerte Deine gekauften Artikel.",Feedback,Feedback.properties
thankYou,"Vielen Dank für Deine Bewertung!",Feedback,Feedback.properties
facetName,Artikelbewertung,Feedback,Feedback.properties
honeypotLabel,Platzhalter,Feedback,Feedback.properties
feedbackTextLegend,Bewertungssterne,Feedback,Feedback.properties
feedbackAverageLabel,":count von 5 Bewertungssternen",Feedback,Feedback.properties
notificationSuccess,"Bewertung erfolgreich gespeichert",Feedback,Feedback.properties
notificationFailure,"Bewertung nicht gespeichert",Feedback,Feedback.properties
termsAndConditions,AGB,Ceres,Template.properties
termsAndConditionsMetaDescription,,Ceres,Template.properties
addressAddAddress,"Neue Adresse",Ceres,Template.properties
addressAddAddressTooltip,"Klicken, um eine neue Adresse anzulegen.",Ceres,Template.properties
addressAdditionalAddress1,"Adresszusatz 1",Ceres,Template.properties
addressAdditionalAddress2,"Adresszusatz 2",Ceres,Template.properties
addressAdditionalName,Namenszusatz,Ceres,Template.properties
addressBirthdate,Geburtsdatum,Ceres,Template.properties
addressBirthdatePlaceholder,tt.mm.jjjj,Ceres,Template.properties
addressCancel,Abbrechen,Ceres,Template.properties
addressChange,"Adresse ändern",Ceres,Template.properties
addressChangeTooltip,"Klicken, um eine andere Adresse zu wählen.",Ceres,Template.properties
addressChangedWarning,"Deine Adresse wurde gewechselt, da das ausgewählte Versandprofil diese Art von Lieferziel nicht unterstützt.",Ceres,Template.properties
addressCompany,Firma,Ceres,Template.properties
addressContactPerson,Ansprechpartner,Ceres,Template.properties
addressDelete,Löschen,Ceres,Template.properties
addressENAddressLine1,"Adresszeile 1",Ceres,Template.properties
addressENAddressLine2,"Adresszeile 2",Ceres,Template.properties
addressENAddressLine3,"Adresszeile 3",Ceres,Template.properties
addressENAddressLine4,"Adresszeile 4",Ceres,Template.properties
addressEdit,Bearbeiten,Ceres,Template.properties
addressEditTooltip,"Klicken, um diese Adresse zu bearbeiten.",Ceres,Template.properties
addressFirstName,Vorname,Ceres,Template.properties
addressGBNameAffix,Namenszusatz,Ceres,Template.properties
addressInvoiceAddressCreate,"Rechnungsadresse anlegen",Ceres,Template.properties
addressInvoiceAddressDelete,"Rechnungsadresse löschen",Ceres,Template.properties
addressInvoiceAddressEdit,"Rechnungsadresse bearbeiten",Ceres,Template.properties
addressInvoiceAddressInitial,"Bitte gib Deine Adresse ein",Ceres,Template.properties
addressLastName,Nachname,Ceres,Template.properties
addressMail,Kontakt-E-Mail,Ceres,Template.properties
addressNoAddress,"Noch keine Adresse vorhanden",Ceres,Template.properties
addressNumber,Nr.,Ceres,Template.properties
addressPackingStation,Packstation,Ceres,Template.properties
addressPackingStationNumber,Packstationsnummer,Ceres,Template.properties
addressPickupLocation,Abholort,Ceres,Template.properties
addressPlace,Ort,Ceres,Template.properties
addressPleaseSelect,"Bitte wählen",Ceres,Template.properties
addressPostNummer,Postnummer,Ceres,Template.properties
addressPostOffice,Postfiliale,Ceres,Template.properties
addressPostOfficeNumber,Filialnummer,Ceres,Template.properties
addressSalutation,Anrede,Ceres,Template.properties
addressSalutationCompany,Firma,Ceres,Template.properties
addressSalutationDiverse,Person,Ceres,Template.properties
addressSalutationFemale,Frau,Ceres,Template.properties
addressSalutationMale,Herr,Ceres,Template.properties
addressSalutationPleaseSelect,"Bitte auswählen",Ceres,Template.properties
addressSalutationPreferNotToSay,"Keine Anrede",Ceres,Template.properties
addressSameAsInvoice,"Lieferadresse gleich Rechnungsadresse",Ceres,Template.properties
addressSave,Speichern,Ceres,Template.properties
addressSelect,Adressauswahl,Ceres,Template.properties
addressSelectedNotAllowed,"Für die ausgewählte Adresse existiert kein passendes Versandprofil.",Ceres,Template.properties
addressSetPrimary,"Als Standard",Ceres,Template.properties
addressSetPrimaryTooltip,"Klicken, um diese Adresse als Standardadresse festzulegen.",Ceres,Template.properties
addressShippingAddressCreate,"Lieferadresse anlegen",Ceres,Template.properties
addressShippingAddressDelete,"Lieferadresse löschen",Ceres,Template.properties
addressShippingAddressEdit,"Lieferadresse bearbeiten",Ceres,Template.properties
addressShippingChangedWarning,"Dein Versandprofil wurde gewechselt, da die ausgewählte Adresse diese Art von Versandprofil nicht unterstützt.",Ceres,Template.properties
addressStreet,Straße,Ceres,Template.properties
addressTelephone,Telefon,Ceres,Template.properties
addressTitle,Titel,Ceres,Template.properties
addressToPickupStation,"An Packstation/Postfiliale senden",Ceres,Template.properties
addressVatNumber,USt.-Nr.,Ceres,Template.properties
addressZip,PLZ,Ceres,Template.properties
itemApply,Übernehmen,Ceres,Template.properties
itemAvailabilityAverageDays_asc,"Verfügbarkeit ⬆",Ceres,Template.properties
itemAvailabilityAverageDays_desc,"Verfügbarkeit ⬇",Ceres,Template.properties
itemBundle,Artikelpaket,Ceres,Template.properties
itemBundleContent,"Artikelpaket Inhalt:",Ceres,Template.properties
itemBundleName,":itemName",Ceres,Template.properties
itemCategories,Kategorien,Ceres,Template.properties
itemClose,Schließen,Ceres,Template.properties
itemEuResponsibleNoInformation,"Die Informationen der EU-Verantwortlichen sind derzeit nicht verfügbar.",Ceres,Template.properties
itemEuResponsiblePersonTitle,"EU Verantwortliche Person",Ceres,Template.properties
itemExclVAT,"zzgl. ges. MwSt.",Ceres,Template.properties
itemExclusive,zzgl.,Ceres,Template.properties
itemFilter,Filter,Ceres,Template.properties
itemFilterButton,"Preisfilter anwenden",Ceres,Template.properties
itemFilterCategory,Kategorien,Ceres,Template.properties
itemFilterNoContentMessage,"Für diese Kategorie sind keine Filter verfügbar.",Ceres,Template.properties
itemFilterPriceMax,Maximalpreis,Ceres,Template.properties
itemFilterPriceMin,Minimalpreis,Ceres,Template.properties
itemFilterReset,"Filter zurücksetzen",Ceres,Template.properties
itemFootnote,*,Ceres,Template.properties
itemFrom,"ab ",Ceres,Template.properties
itemFromPrice,"ab :price",Ceres,Template.properties
itemGroupedAttribute,", :name: :value",Ceres,Template.properties
itemImageCarousel,Bilderkarussell,Ceres,Template.properties
itemInclVAT,"inkl. ges. MwSt.",Ceres,Template.properties
itemInput,Maßeingabe,Ceres,Template.properties
itemInputLength,L,Ceres,Template.properties
itemInputWidth,B,Ceres,Template.properties
itemList1ListName,Zuletzt angesehen,Ceres,Template.properties
itemList2ListName,Dazu passend,Ceres,Template.properties
itemList3ListName,Auch Interessant,Ceres,Template.properties
itemListLastSeen,"Zuletzt angesehen",Ceres,Template.properties
itemListXAccessory,Zubehör,Ceres,Template.properties
itemListXCollection,Artikelpaket,Ceres,Template.properties
itemListXReplacementPart,Ersatzteil,Ceres,Template.properties
itemListXSimilar,Ähnlich,Ceres,Template.properties
itemLowestPrice,"Niedrigster Preis der letzten 30 Tage: <span>:price</span>",Ceres,Template.properties
itemManufacturerDetailsTitle,"Angaben zum Hersteller",Ceres,Template.properties
itemManufacturerNoInformation,"Die Herstellerinformationen sind derzeit nicht verfügbar.",Ceres,Template.properties
itemName_asc,"Name A-Z",Ceres,Template.properties
itemName_desc,"Name Z-A",Ceres,Template.properties
itemPrice_asc,"Preis ⬆",Ceres,Template.properties
itemPrice_desc,"Preis ⬇",Ceres,Template.properties
itemProducerName_asc,"Hersteller A-Z",Ceres,Template.properties
itemProducerName_desc,"Hersteller Z-A",Ceres,Template.properties
itemQuantityInput,Mengeneingabe,Ceres,Template.properties
itemQuantityInputDecrease,"Menge verringern",Ceres,Template.properties
itemQuantityInputIncrease,"Menge erhöhen",Ceres,Template.properties
itemRandom,Zufällig,Ceres,Template.properties
itemRating_asc,"Kundenbewertung ⬆",Ceres,Template.properties
itemRating_desc,"Kundenbewertung ⬇",Ceres,Template.properties
itemRecommendedSorting,Empfohlen,Ceres,Template.properties
itemRelevance,Relevanz,Ceres,Template.properties
itemSet,Artikelset,Ceres,Template.properties
itemSetContent,"Artikelset Inhalt:",Ceres,Template.properties
itemSetPrice,"ab :price",Ceres,Template.properties
itemShippingCosts,Versandkosten,Ceres,Template.properties
itemShowItem,"Artikel anzeigen",Ceres,Template.properties
itemShowMore,Mehr,Ceres,Template.properties
itemTo,"bis ",Ceres,Template.properties
itemVariationCreateTimestamp_asc,"Älteste Artikel",Ceres,Template.properties
itemVariationCreateTimestamp_desc,"Neueste Artikel",Ceres,Template.properties
itemVariationCustomNumber_asc,"Variantennummer ⬆",Ceres,Template.properties
itemVariationCustomNumber_desc,"Variantennummer ⬇",Ceres,Template.properties
itemVariationLastUpdateTimestamp_asc,"Letzte Aktualisierung",Ceres,Template.properties
itemVariationLastUpdateTimestamp_desc,"Erste Aktualisierung",Ceres,Template.properties
itemVariationTopseller_asc,"Meistverkaufte Artikel ⬆",Ceres,Template.properties
itemVariationTopseller_desc,"Meistverkaufte Artikel ⬇",Ceres,Template.properties
itemsPerPageLabel,"Artikel pro Seite",Ceres,Template.properties
singleItemAddToBasket,"In den Warenkorb",Ceres,Template.properties
singleItemAdded,"Der Artikel wurde in den Warenkorb gelegt",Ceres,Template.properties
singleItemAdditionalOptions,"Deine Zusatzoptionen (Preis pro Artikel)",Ceres,Template.properties
singleItemAge,Altersfreigabe,Ceres,Template.properties
singleItemAgeRestriction,"Ab :age freigegeben",Ceres,Template.properties
singleItemAgeRestrictionNone,"Ohne Altersbeschränkung",Ceres,Template.properties
singleItemAgeRestrictionNotFlagged,"Nicht gekennzeichnet",Ceres,Template.properties
singleItemAgeRestrictionNotRequired,"Nicht erforderlich",Ceres,Template.properties
singleItemAgeRestrictionUnknown,"Noch nicht bekannt",Ceres,Template.properties
singleItemAttributeTooltip,,Ceres,Template.properties
singleItemBasket,Warenkorb,Ceres,Template.properties
singleItemCheckout,Kasse,Ceres,Template.properties
singleItemCondition,Zustand,Ceres,Template.properties
singleItemContent,Inhalt,Ceres,Template.properties
singleItemCustomsTariffNumber,Zolltarifnummer,Ceres,Template.properties
singleItemDescription,Beschreibung,Ceres,Template.properties
singleItemDimensions,Maße,Ceres,Template.properties
singleItemEuResponsiblePerson,EU-Verantwortlicher,Ceres,Template.properties
singleItemExclVAT,"zzgl. ges. MwSt.",Ceres,Template.properties
singleItemExclusive,zzgl.,Ceres,Template.properties
singleItemExternalVariationId,Varianten-ID,Ceres,Template.properties
singleItemFootnote1,*,Ceres,Template.properties
singleItemFootnote12,"*, *",Ceres,Template.properties
singleItemFootnote2,*,Ceres,Template.properties
singleItemGraduatedBasePrice,:price,Ceres,Template.properties
singleItemGraduatedPrices,Staffelpreise,Ceres,Template.properties
singleItemId,Art.-ID,Ceres,Template.properties
singleItemInclVAT,"inkl. ges. MwSt.",Ceres,Template.properties
singleItemIncludeAbbr,inkl.,Ceres,Template.properties
singleItemInvalidAttribute,:name,Ceres,Template.properties
singleItemIsRequiredProperty,"Hierbei handelt es sich um ein Pflichtfeld.",Ceres,Template.properties
singleItemLightboxImageShown,"Bild %1 von %2",Ceres,Template.properties
singleItemLowestPrice,"Niedrigster Preis der letzten 30 Tage: <span>:price</span>",Ceres,Template.properties
singleItemManufacturer,Hersteller,Ceres,Template.properties
singleItemManufacturingCountry,Herstellungsland,Ceres,Template.properties
singleItemMinimumQuantity,"Ab Menge:",Ceres,Template.properties
singleItemMissingOrderPropertiesError,"Folgende Bestellmerkmale sind Pflichtfelder:<hr><properties><hr>Bitte fülle alle diese Felder aus.",Ceres,Template.properties
singleItemModel,Modell,Ceres,Template.properties
singleItemMoreDetails,"Weitere Details",Ceres,Template.properties
singleItemNetWeight,Netto-Gewicht,Ceres,Template.properties
singleItemNoSelection,"Keine Auswahl",Ceres,Template.properties
singleItemNotAvailable,"<b>:name</b> nicht verfügbar.",Ceres,Template.properties
singleItemNotAvailableInSelection,":name in der Auswahl nicht verfügbar.",Ceres,Template.properties
singleItemNotSalable,Ausverkauft,Ceres,Template.properties
singleItemNotSalableAttribute,:name,Ceres,Template.properties
singleItemNumber,Artikelnummer,Ceres,Template.properties
singleItemOrderPropertyFileHasReset,"Die ausgewählte Datei für das Feld <b>:propertyName</b> wurde beim Variantenwechsel zurückgesetzt. Bitte wähle die Datei erneut aus.",Ceres,Template.properties
singleItemPleaseSelect,"Bitte wählen",Ceres,Template.properties
singleItemPleaseSelectNotAvailable,"Der Artikel ist nicht verfügbar.",Ceres,Template.properties
singleItemPleaseSelectValidVariation,"Bitte wähle eine gültige Variante.",Ceres,Template.properties
singleItemPropertiesWithoutGroup,"Ohne Gruppe",Ceres,Template.properties
singleItemQuantityMax,"Maximale Bestellmenge: :max",Ceres,Template.properties
singleItemQuantityMin,"Minimale Bestellmenge: :min",Ceres,Template.properties
singleItemSetInfo,"Dieses Artikelset kann zur Zeit nicht über den Webshop bestellt werden. Bitte wende Dich an den Webshop-Betreiber.",Ceres,Template.properties
singleItemShippingCosts,Versandkosten,Ceres,Template.properties
singleItemTechnicalData,"Technische Daten",Ceres,Template.properties
singleItemTechnicalDataAttribute,"Technisches Merkmal",Ceres,Template.properties
singleItemTechnicalDataValue,Wert,Ceres,Template.properties
singleItemUnitPrice,Grundpreis,Ceres,Template.properties
singleItemWeight,Gewicht,Ceres,Template.properties
singleItemWishList,Wunschliste,Ceres,Template.properties
singleItemWishListAdd,"Zur Wunschliste hinzufügen",Ceres,Template.properties
singleItemWishListAdded,"Der Artikel wurde der Wunschliste hinzugefügt.",Ceres,Template.properties
singleItemWishListRemove,"Von Wunschliste entfernen",Ceres,Template.properties
singleItemWishListRemoved,"Der Artikel wurde von der Wunschliste entfernt.",Ceres,Template.properties
itemSearchCategories,Kategorien,Ceres,Template.properties
itemSearchDidYouMean,"Meintest Du "":suggestionString""?",Ceres,Template.properties
itemSearchNoResults,"Keine Suchergebnisse für "":searchString"" gefunden.",Ceres,Template.properties
itemSearchProducts,Artikel,Ceres,Template.properties
itemSearchResults,"Suchergebnisse für:",Ceres,Template.properties
itemSearchSearchTerm,Suchbegriff,Ceres,Template.properties
itemSearchSuggestion,Suchvorschläge,Ceres,Template.properties
itemSearchSuggestionNoResults,"Keine Suchergebnisse gefunden.",Ceres,Template.properties
orderConfirmation,Bestellbestätigung,Ceres,Template.properties
orderConfirmationCustomerID,Kundennummer,Ceres,Template.properties
orderConfirmationCustomerSign,"Dein Zeichen",Ceres,Template.properties
orderConfirmationDate,Auftragsdatum,Ceres,Template.properties
orderConfirmationEstimatedShippingDate,"Voraussichtl. Versanddatum",Ceres,Template.properties
orderConfirmationHomepage,Startseite,Ceres,Template.properties
orderConfirmationInvoiceAddress,Rechnungsadresse,Ceres,Template.properties
orderConfirmationItemDiscount,Gesamtrabatt,Ceres,Template.properties
orderConfirmationMyAccount,"Mein Konto",Ceres,Template.properties
orderConfirmationOrderDocuments,Auftragsdokumente,Ceres,Template.properties
orderConfirmationOrderDocumentsDeliveryNote,Lieferschein,Ceres,Template.properties
orderConfirmationOrderDocumentsInvoice,Rechnung,Ceres,Template.properties
orderConfirmationOrderDocumentsInvoiceExternal,"Externe Rechnung",Ceres,Template.properties
orderConfirmationOrderDocumentsOrderConfirmation,Auftragsbestätigung,Ceres,Template.properties
orderConfirmationOrderDocumentsPickupDelivery,Abhollieferung,Ceres,Template.properties
orderConfirmationOrderDocumentsReturnNote,Rücksendeschein,Ceres,Template.properties
orderConfirmationOrderDocumentsReversalDocument,Stornobeleg,Ceres,Template.properties
orderConfirmationOrderId,Auftrags-ID,Ceres,Template.properties
orderConfirmationPaymentMethod,Zahlungsart,Ceres,Template.properties
orderConfirmationPaymentStatus,Zahlungsstatus,Ceres,Template.properties
orderConfirmationPaymentStatus_fullyPaid,Bezahlt,Ceres,Template.properties
orderConfirmationPaymentStatus_overpaid,Überzahlt,Ceres,Template.properties
orderConfirmationPaymentStatus_partlyPaid,"Teilweise bezahlt",Ceres,Template.properties
orderConfirmationPaymentStatus_prepaid,"Im Voraus bezahlt",Ceres,Template.properties
orderConfirmationPaymentStatus_unpaid,"Nicht bezahlt",Ceres,Template.properties
orderConfirmationPricePerPiece,Einzelpreis,Ceres,Template.properties
orderConfirmationProperties,Bestellmerkmale,Ceres,Template.properties
orderConfirmationQuantity,Stückzahl,Ceres,Template.properties
orderConfirmationRebate,"Rabatt auf Warenwert",Ceres,Template.properties
orderConfirmationSameAsInvoice,"Lieferadresse gleich Rechnungsadresse",Ceres,Template.properties
orderConfirmationShippingAddress,Lieferadresse,Ceres,Template.properties
orderConfirmationShippingCosts,Versandkosten,Ceres,Template.properties
orderConfirmationShippingProfile,Versandart,Ceres,Template.properties
orderConfirmationStatus,Status,Ceres,Template.properties
orderConfirmationSubTotal,Zwischensumme,Ceres,Template.properties
orderConfirmationThanks,"Vielen Dank!",Ceres,Template.properties
orderConfirmationTotal,Gesamt,Ceres,Template.properties
orderConfirmationVAT,MwSt.,Ceres,Template.properties
orderConfirmationWillBeProcessed,"Deine Bestellung wird bearbeitet. Hier findest Du eine Zusammenfassung:",Ceres,Template.properties
orderHistory,Auftragshistorie,Ceres,Template.properties
orderHistoryAgain,"Erneut bestellen",Ceres,Template.properties
orderHistoryCancel,Abbrechen,Ceres,Template.properties
orderHistoryChange,Ändern,Ceres,Template.properties
orderHistoryChangePayment,"Zahlungsart ändern",Ceres,Template.properties
orderHistoryChangePaymentLink,"hier klicken",Ceres,Template.properties
orderHistoryChangePaymentNotAllowed,"Zahlungsart kann nicht geändert werden",Ceres,Template.properties
orderHistoryChangePaymentNotPossible,"nicht möglich",Ceres,Template.properties
orderHistoryChangePaymentNotSwitchableWarning,"Nach einem Wechsel auf diese Zahlungsart kann die Zahlungsart nicht mehr geändert werden.",Ceres,Template.properties
orderHistoryChooseNewPayment,"Neue Zahlungsart wählen",Ceres,Template.properties
orderHistoryCoupon,Gutschein,Ceres,Template.properties
orderHistoryCurrentPaymentText,"Aktuelle Zahlungsart:",Ceres,Template.properties
orderHistoryFurtherActions,"Weitere Aktionen",Ceres,Template.properties
orderHistoryGross,Brutto,Ceres,Template.properties
orderHistoryInvoiceAddress,Rechnungsadresse,Ceres,Template.properties
orderHistoryItemDiscount,Rabatt,Ceres,Template.properties
orderHistoryNet,Netto,Ceres,Template.properties
orderHistoryNoOrders,"Es sind noch keine Aufträge vorhanden.",Ceres,Template.properties
orderHistoryOpenAmount,"Zu zahlender Betrag",Ceres,Template.properties
orderHistoryOpenDocument,":documentName öffnen",Ceres,Template.properties
orderHistoryOrderDate,Auftragsdatum,Ceres,Template.properties
orderHistoryOrderDetails,Bestelldetails,Ceres,Template.properties
orderHistoryOrderId,Auftrags-ID,Ceres,Template.properties
orderHistoryPaymentMethod,Zahlungsart,Ceres,Template.properties
orderHistoryPaymentStatus,Zahlungsstatus,Ceres,Template.properties
orderHistoryPaymentStatus_fullyPaid,Bezahlt,Ceres,Template.properties
orderHistoryPaymentStatus_overpaid,Überzahlt,Ceres,Template.properties
orderHistoryPaymentStatus_partlyPaid,"Teilweise bezahlt",Ceres,Template.properties
orderHistoryPaymentStatus_prepaid,"Im Voraus bezahlt",Ceres,Template.properties
orderHistoryPaymentStatus_unpaid,"Nicht bezahlt",Ceres,Template.properties
orderHistoryPricePerPiece,Einzelpreis,Ceres,Template.properties
orderHistoryProperties,"Deine Zusatzoptionen:",Ceres,Template.properties
orderHistoryQuantity,Stückzahl,Ceres,Template.properties
orderHistoryRebate,"Rabatt auf Warenwert",Ceres,Template.properties
orderHistoryReturnSendBack,"Artikel zurücksenden",Ceres,Template.properties
orderHistoryReturnShowLess,"Weniger anzeigen",Ceres,Template.properties
orderHistoryReturnShowMore,"Alles anzeigen",Ceres,Template.properties
orderHistorySameAsInvoice,"Lieferadresse gleich Rechnungsadresse",Ceres,Template.properties
orderHistoryShippingAddress,Lieferadresse,Ceres,Template.properties
orderHistoryShippingCosts,Versandkosten,Ceres,Template.properties
orderHistoryShippingDate,Versanddatum,Ceres,Template.properties
orderHistoryShippingProfile,Versandart,Ceres,Template.properties
orderHistoryShow,"Zeige :countStart - :countEnd von :orderMaxCount Aufträgen",Ceres,Template.properties
orderHistoryStatus,Status,Ceres,Template.properties
orderHistorySubTotal,Zwischensumme,Ceres,Template.properties
orderHistorySum,Summe,Ceres,Template.properties
orderHistoryTime,Uhr,Ceres,Template.properties
orderHistoryTotal,Summe,Ceres,Template.properties
orderHistoryTotalSum,Gesamtsumme,Ceres,Template.properties
orderHistoryTracking,Sendungsverfolgung,Ceres,Template.properties
orderHistoryVAT,MwSt.,Ceres,Template.properties
orderHistoryValue,Warenwert,Ceres,Template.properties
orderHistoryWarranty,"Gewährleistung zu Auftrag :id",Ceres,Template.properties
notificationRemoveCouponMinimumOrderValueIsNotReached,"Der eingelöste Gutschein wurde entfernt. Der Mindestbestellwert wird nicht mehr erreicht.",Ceres,Template.properties
notificationsBasketItemsRemoved,"Es wurden Artikel aus Deinem Warenkorb entfernt, da diese aktuell nicht verfügbar sind.",Ceres,Template.properties
notificationsBasketItemsRemovedForContactClass,"Es wurden Artikel aus Deinem Warenkorb entfernt, da diese nicht für dieses Kundenkonto verfügbar sind.",Ceres,Template.properties
notificationsBasketItemsRemovedForCurrency,"Es wurden Artikel aus Deinem Warenkorb entfernt, da diese nicht in der ausgewählten Währung verfügbar sind.",Ceres,Template.properties
notificationsBasketItemsRemovedForLanguage,"Es wurden Artikel aus Deinem Warenkorb entfernt, da diese nicht in der ausgewählten Sprache verfügbar sind.",Ceres,Template.properties
notificationsBasketItemsRemovedForShippingCountry,"Es wurden Artikel aus Deinem Warenkorb entfernt, da diese nicht für das ausgewählte Lieferland verfügbar sind.",Ceres,Template.properties
notificationsCalculateShippingFailed,"Bei der Versandkostenberechnung kam es zu einem Fehler. Bitte benachrichtige den Betreiber.",Ceres,Template.properties
notificationsCheckPassword,"Die Passwörter stimmen nicht überein.",Ceres,Template.properties
notificationsInvalidResetPasswordUrl,"Die angegebene URL ist ungültig oder abgelaufen.",Ceres,Template.properties
notificationsItemBundleSplitted,"Artikelpaket wurde aufgeteilt.",Ceres,Template.properties
notificationsItemNotAdded,"Der Artikel konnte nicht hinzugefügt werden",Ceres,Template.properties
notificationsItemOutOfStock,"Kein ausreichender Warenbestand vorhanden",Ceres,Template.properties
notificationsNoEmailEntered,"Bitte gib eine gültige E-Mail-Adresse ein.",Ceres,Template.properties
notificationsNotEnoughStockItem,"Für die gewählte Artikelmenge ist nicht genügend Bestand verfügbar.",Ceres,Template.properties
notificationsWarningOverselling,"Die gewählte Menge übersteigt den verfügbaren Warenbestand. :stock sind zur Zeit auf Lager; :oversellingAmount werden nachgeliefert.",Ceres,Template.properties
privacyPolicy,Daten:hyphenschutz:hyphenerklärung,Ceres,Template.properties
privacyPolicyMetaDescription,,Ceres,Template.properties
devDateFormat,d.m.Y,Ceres,Template.properties
devDateFormatMoment,DD.MM.YYYY,Ceres,Template.properties
devDateTimeFormat,"d.m.Y, H:i",Ceres,Template.properties
devDateTimeFormatMoment,"DD.MM.YYYY, HH:mm",Ceres,Template.properties
devTimeFormat,H:i,Ceres,Template.properties
devTimeFormatMoment,HH:mm,Ceres,Template.properties
footerAllRightsReserved,"Alle Rechte vorbehalten.",Ceres,Template.properties
footerCancellationForm,Widerrufs:hyphenformular,Ceres,Template.properties
footerCancellationRight,Widerrufs:hyphenrecht,Ceres,Template.properties
footerCertifiedBy,"Geprüfte Leistung",Ceres,Template.properties
footerColumnTitle1,Shop,Ceres,Template.properties
footerColumnTitle2,"Mein Konto",Ceres,Template.properties
footerColumnTitle3,Service,Ceres,Template.properties
footerContact,Kontakt,Ceres,Template.properties
footerDeclarationOfAccessibility,Barrierefreiheitserklärung,Ceres,Template.properties
footerGtc,AGB,Ceres,Template.properties
footerLegalDisclosure,Impressum,Ceres,Template.properties
footerOrderShippedBy,"Wir verschicken mit",Ceres,Template.properties
footerPaymentMethods,Zahlungsarten,Ceres,Template.properties
footerPrivacyPolicy,Daten:hyphenschutz:hyphenerklärung,Ceres,Template.properties
footerStoreFeature1,"gleichtägiger Versand bis 14 Uhr",Ceres,Template.properties
footerStoreFeature2,"Handwerkerqualität",Ceres,Template.properties
footerStoreFeature3,"14 Tage Rückgaberecht",Ceres,Template.properties
couponAlreadyFinalized,"Bearbeiten nicht möglich. Der Gutschein wurde bereits erstellt.",Ceres,Template.properties
couponAlreadyUsedOrInvalidCouponCode,"Der Gutschein wurde bereits verwendet oder ist ungültig.",Ceres,Template.properties
couponCampaignExpired,"Der Gutschein ist leider abgelaufen.",Ceres,Template.properties
couponCampaignNoWebstoreActivated,"Der Gutschein konnte nicht eingelöst werden. Kein Mandant aktiviert.",Ceres,Template.properties
couponCampaignNoWebstoreIdGiven,"Der Gutschein konnte nicht eingelöst werden. Keine Mandant-ID übergeben.",Ceres,Template.properties
couponCampaignWrongWebstoreId,"Der Gutschein konnte nicht eingelöst werden. Falscher Mandant.",Ceres,Template.properties
couponCancel,Abbrechen,Ceres,Template.properties
couponChangeFailure,"Der Gutschein konnte nicht bearbeitet werden.",Ceres,Template.properties
couponChangeSuccess,"Der Gutschein wurde erfolgreich bearbeitet.",Ceres,Template.properties
couponContent,Gutscheintext,Ceres,Template.properties
couponDownload,"Gutschein herunterladen",Ceres,Template.properties
couponEdit,"Gutschein bearbeiten",Ceres,Template.properties
couponEnterCoupon,"Gutschein-Code eingeben",Ceres,Template.properties
couponExpired,"Der Gutschein ist leider abgelaufen.",Ceres,Template.properties
couponFinalize,"Gutschein erstellen",Ceres,Template.properties
couponFinalizeConfirm,"Möchtest Du den Gutschein als PDF erzeugen? Texte können danach nicht mehr geändert werden!",Ceres,Template.properties
couponFinalizeConfirmNo,Abbrechen,Ceres,Template.properties
couponFinalizeConfirmYes,"PDF erzeugen",Ceres,Template.properties
couponFinalizeFailure,"Der Gutschein konnte nicht erstellt werden.",Ceres,Template.properties
couponFinalizeSuccess,"Der Gutschein wurde erfolgreich erstellt.",Ceres,Template.properties
couponIsEmpty,"Bitte gib einen Gutschein-Code ein.",Ceres,Template.properties
couponLabel,Gutschein,Ceres,Template.properties
couponMinOrderValueNotReached,"Der Gutschein wurde leider wieder entfernt, da der hierfür nötige Warenwert unterschritten wurde. Bitte gib den Code erneut ein, wenn der geforderte Warenwert erreicht ist.",Ceres,Template.properties
couponNoCustomerGroupActivated,"Der Gutschein konnte nicht eingelöst werden. Keine Kundenklasse aktiviert.",Ceres,Template.properties
couponNoCustomerTypeActivated,"Der Gutschein konnte nicht eingelöst werden. Kein Kundentyp aktiviert.",Ceres,Template.properties
couponNoCustomerTypeProvided,"Der Gutschein konnte nicht eingelöst werden. Kundentyp nicht übergeben.",Ceres,Template.properties
couponNoMatchingItemInBasket,"Der Gutschein wurde leider wieder entfernt, da kein Artikel im Warenkorb für diesen Gutschein freigeschaltet wurde.",Ceres,Template.properties
couponNoOpenAmount,"Der Gutschein wurde bereits vollständig eingelöst.",Ceres,Template.properties
couponNotPaid,"Das Erstellen des Gutscheins ist erst nach Bezahlung möglich.",Ceres,Template.properties
couponOnlyForExistingCustomers,"Der Gutschein kann nur von Bestandskunden eingelöst werden.",Ceres,Template.properties
couponOnlyForNewCustomers,"Der Gutschein kann nur von Neukunden eingelöst werden.",Ceres,Template.properties
couponOnlySingleUsage,"Diesen Gutschein kann nicht für Abo-Artikel eingelöst werden.",Ceres,Template.properties
couponOnlySubscription,"Der Gutschein kann nur für Abo-Artikel eingelöst werden.",Ceres,Template.properties
couponPromotionRequired,"Die Variante des Artikels kann nur gekauft werden, wenn ein Aktionsgutschein eingelöst wird.",Ceres,Template.properties
couponReadonlyInfoText,,Ceres,Template.properties
couponRecipient,Empfänger,Ceres,Template.properties
couponRedeem,Einlösen,Ceres,Template.properties
couponRedeemFailure,"Der Gutschein konnte nicht eingelöst werden.",Ceres,Template.properties
couponRedeemSuccess,"Der Gutschein wurde erfolgreich eingelöst.",Ceres,Template.properties
couponRemove,Entfernen,Ceres,Template.properties
couponRemoveFailure,"Der Gutschein konnte nicht entfernt werden.",Ceres,Template.properties
couponRemoveSuccess,"Der Gutschein wurde erfolgreich entfernt.",Ceres,Template.properties
couponSave,"Gutschein speichern",Ceres,Template.properties
couponSender,Absender,Ceres,Template.properties
couponWrongCustomerGroup,"Der Gutschein kann nur von Kunden mit einer anderen Kundenklasse eingelöst werden.",Ceres,Template.properties
couponWrongCustomerType,"Der Gutschein kann nur von Kunden mit einem anderen Kundentyp eingelöst werden.",Ceres,Template.properties
couponnotUsableForSpecialOffer,"Der Gutschein konnte nicht eingelöst werden. Gutscheine können nicht für Sonderangebotsartikel verwendet werden.",Ceres,Template.properties
headerBg,Bulgarisch,Ceres,Template.properties
headerBreadcrumbHome,"Zur Startseite gehen",Ceres,Template.properties
headerChangeDeliveryCountry,"Bitte ändere Deine Adresse, um das Lieferland zu wechseln.",Ceres,Template.properties
headerCn,Chinesisch,Ceres,Template.properties
headerCompanyName,"Schrauben-Hammer.de",Ceres,Template.properties
headerCountry,Land,Ceres,Template.properties
headerCurrency,Währung,Ceres,Template.properties
headerCz,Tschechisch,Ceres,Template.properties
headerDa,Dänisch,Ceres,Template.properties
headerDe,Deutsch,Ceres,Template.properties
headerEn,Englisch,Ceres,Template.properties
headerEs,Spanisch,Ceres,Template.properties
headerFr,Französisch,Ceres,Template.properties
headerIt,Italienisch,Ceres,Template.properties
headerNl,Niederländisch,Ceres,Template.properties
headerNn,Norwegisch,Ceres,Template.properties
headerPl,Polnisch,Ceres,Template.properties
headerPt,Portugiesisch,Ceres,Template.properties
headerRo,Rumänisch,Ceres,Template.properties
headerRu,Russisch,Ceres,Template.properties
headerSe,Schwedisch,Ceres,Template.properties
headerSearch,Suche,Ceres,Template.properties
headerSearchPlaceholder,,Ceres,Template.properties
headerSearchTerm,Suchbegriff,Ceres,Template.properties
headerSelectLanguage,Sprache,Ceres,Template.properties
headerSelectShippingCountry,Lieferland,Ceres,Template.properties
headerSk,Slowakisch,Ceres,Template.properties
headerState,Bundesland,Ceres,Template.properties
headerTr,Türkisch,Ceres,Template.properties
headerVn,Vietnamesisch,Ceres,Template.properties
bestSellers,Bestseller,Ceres,Homepage.properties
categoryHeadline1,"MÖBEL, DIE BLICKE FANGEN",Ceres,Homepage.properties
categoryHeadline2,"NACHHALTIGE KLEIDUNG",Ceres,Homepage.properties
categoryHeadline3,"DIE ZUKUNFT IST HIER",Ceres,Homepage.properties
categoryName1,PLENTYGEAR,Ceres,Homepage.properties
categoryName2,"PLENTYWEAR - Damen",Ceres,Homepage.properties
categoryName3,"PLENTYWEAR - Herren",Ceres,Homepage.properties
categoryName4,PLENTYLIVING,Ceres,Homepage.properties
crossSeller,"Produkte, die dir auch gefallen könnten",Ceres,Homepage.properties
imageBackgroundHeadline1,"EGAL WIE KLEIN",Ceres,Homepage.properties
imageBackgroundHeadline2,"JEDE BESTELLUNG",Ceres,Homepage.properties
imageBackgroundHeadline3,"PFLANZT EINEN BAUM",Ceres,Homepage.properties
imageHeadline1,"Höchste Präzision und modernste Technik",Ceres,Homepage.properties
imageHeadline2,"Natürliche Schönheit",Ceres,Homepage.properties
imageHeadline3,"Von dir geliebt",Ceres,Homepage.properties
imageHeadline4,"Unser zeitloser Klassiker",Ceres,Homepage.properties
imageText1,"Wir haben unser Handwerk perfektioniert und erreichen höchste Qualität in den Bereichen Kleidung, Möbel und Elektronik. Dabei bilden wir stets die Speerspitze der Innovation und integrieren holistische Arbeitsweisen.",Ceres,Homepage.properties
imageText2,"Die Natur ist unser Vorbild. Deswegen benutzen wir ausschließlich Materialien, die den höchsten Ansprüchen erneuerbarer Prinzipien genügen, um unsere Umwelt nachhaltig zu fördern.",Ceres,Homepage.properties
philosophyHeadline,"Unsere Philosophie",Ceres,Homepage.properties
philosophyText,"Wir kreieren hochqualitative, nachhaltige Produkte mit einzigartigem Look. Unser vielfältiges Angebot ist darauf ausgelegt, deine Bedürfnisse in fast allen Situationen optimal zu decken. Von T-Shirts über Taschen bis hin zu Drohnen bieten wir Produkte, die nicht nur dich glücklich machen, sondern auch unserem Planeten zu Gute kommen.",Ceres,Homepage.properties
shopNow,"JETZT ENTDECKEN",Ceres,Homepage.properties
legalDisclosure,Impressum,Ceres,Template.properties
legalDisclosureMetaDescription,,Ceres,Template.properties
checkout,Kasse,Ceres,Template.properties
checkoutAddressNoValidBirthdate,"Ein ungültiges Geburtsdatum wurde aus der Adresse entfernt.",Ceres,Template.properties
checkoutBasket,Warenkorb,Ceres,Template.properties
checkoutBasketItemConsent,"Ich verzichte auf mein Widerrufsrecht für <b>:items</b>.",Ceres,Template.properties
checkoutBasketItemConsentPlaceholder,"Ich verzichte auf mein Widerrufsrecht für Artikel, die mit der ausgewählten Eigenschaft verknüpft sind.",Ceres,Template.properties
checkoutBuyNow,Kaufen,Ceres,Template.properties
checkoutBuyNowTooltip,"Wir versenden nicht in das für die Lieferadresse ausgewählte Lieferland. Bitte wähle eines der verfügbaren Länder für die Lieferaddresse aus.",Ceres,Template.properties
checkoutCancelCheckout,"Kauf abbrechen",Ceres,Template.properties
checkoutCancellationRight,Widerrufs:hyphenrecht,Ceres,Template.properties
checkoutChangePaymentMethodHint,"Zahlungsart gewechselt.",Ceres,Template.properties
checkoutChangePaymentMethodToHint,"Dieses Versandprofil steht für die ausgewählte Zahlungsart nicht zur Verfügung. Um dieses Versandprofil auszuwählen, wähle eine der folgenden Zahlungsarten: :paymentMethodNames.",Ceres,Template.properties
checkoutChangeShippingProfileHint,"Zahlungsart gewechselt.OK.",Ceres,Template.properties
checkoutChangedMail,"Alle Informationen zum Auftrag werden an :newMail gesendet. Dein Login erfolgt weiterhin mit :currMail.",Ceres,Template.properties
checkoutCheckAcceptGtc,"Bitte die Checkbox zu AGB, Widerrufsrecht und Datenschutzerklärung bestätigen.",Ceres,Template.properties
checkoutCheckAcceptNewsletterSubscription,"Bitte bestätige die Newsletter-Anmeldung.",Ceres,Template.properties
checkoutCheckAddressFormFields,"Bitte folgende Felder überprüfen: :fields.",Ceres,Template.properties
checkoutCheckBasketItemConsent,"Bitte willige ein, auf Dein Widerrufsrecht für <b>:items</b> zu verzichten.",Ceres,Template.properties
checkoutCheckInvoiceAddress,"Bitte Rechnungsadresse auswählen.",Ceres,Template.properties
checkoutCheckOrder,"Bitte Bestellung prüfen.",Ceres,Template.properties
checkoutCheckPaymentProvider,"Bitte Zahlungsart auswählen.",Ceres,Template.properties
checkoutCheckShippingProfile,"Bitte Versanddienstleister auswählen.",Ceres,Template.properties
checkoutChooseOur,"Es gelten unsere :gtc. Bitte nimm unser :cancellation und unsere :policy zur Kenntnis.",Ceres,Template.properties
checkoutContactWish,"Hinweise und Wünsche",Ceres,Template.properties
checkoutContactWishMessage,"Gib hier Deine Nachricht an uns ein.",Ceres,Template.properties
checkoutCoupon,Gutschein,Ceres,Template.properties
checkoutCustomerSign,"Dein Zeichen",Ceres,Template.properties
checkoutGross,(Brutto),Ceres,Template.properties
checkoutGtc,AGB,Ceres,Template.properties
checkoutGtcAgree,"Checkbox zur Bestätigung der Annahme der Geschäftsbedingungen, des Widerrufsrechts und der Datenschutzbestimmungen.",Ceres,Template.properties
checkoutInvalidShippingCountry,"Bitte gültiges Lieferland auswählen.",Ceres,Template.properties
checkoutInvalidShippingCountryGeoblocking,"Wir versenden nicht in das ausgewählte Lieferland. Bitte wähle eines der verfügbaren Länder für die Lieferadresse aus.",Ceres,Template.properties
checkoutInvoiceAddress,Rechnungsadresse,Ceres,Template.properties
checkoutMethodOfPaymentChanged,"Die von Dir ausgewählte Zahlungsart ist nicht mehr verfügbar.",Ceres,Template.properties
checkoutMethodOfPaymentListChanged,"Die Liste der Zahlungsarten hat sich geändert.",Ceres,Template.properties
checkoutNet,(Netto),Ceres,Template.properties
checkoutOpenAmount,"Zu zahlender Betrag",Ceres,Template.properties
checkoutPaidAmount,"Bezahlter Betrag",Ceres,Template.properties
checkoutPaymentMethod,Zahlungsart,Ceres,Template.properties
checkoutPaymentMethodDetailsLink,Details,Ceres,Template.properties
checkoutPrivacyPolicy,Daten:hyphenschutz:hyphenerklärung,Ceres,Template.properties
checkoutShippingAddress,Lieferadresse,Ceres,Template.properties
checkoutShippingPrivacyHint,"Ich bin damit einverstanden, dass meine E-Mail-Adresse bzw. meine Telefonnummer an den gewählten Paketdienstleister weitergegeben wird, damit er vor der Zustellung der Ware zum Zwecke der Abstimmung eines Liefertermins per E-Mail oder Telefon Kontakt mit mir aufnehmen bzw. Statusinformationen zur Sendungszustellung übermitteln kann. Meine diesbezüglich erteilte Einwilligung kann ich jederzeit widerrufen.",Ceres,Template.properties
checkoutShippingPrivacyHintAnd,und,Ceres,Template.properties
checkoutShippingPrivacyReseted,"Du hast den Versanddienstleister gewechselt. Überprüfe die Checkbox.",Ceres,Template.properties
checkoutShippingProfile,Versandart,Ceres,Template.properties
checkoutShippingProfileChanged,"Die von Dir ausgewählte Versandart ist nicht mehr verfügbar.",Ceres,Template.properties
checkoutShippingProfileListChanged,"Die Liste der Versandarten hat sich geändert.",Ceres,Template.properties
checkoutShippingProfileMaxDeliveryDays,"Lieferung innerhalb von :days Tagen",Ceres,Template.properties
checkoutShippingProfilePriceChanged,"Die Versandkosten haben sich geändert.",Ceres,Template.properties
checkoutSum,Summe,Ceres,Template.properties
checkoutTotalSum,Gesamtsumme,Ceres,Template.properties
checkoutValue,Warenwert,Ceres,Template.properties
contact,Kontakt,Ceres,Template.properties
contactAcceptFormPrivacyPolicy,"Bitte akzeptiere die Daten:hyphenschutz:hyphenerklärung.",Ceres,Template.properties
contactAcceptPrivacyPolicy,"Hiermit bestätige ich, dass ich die :policy gelesen habe.",Ceres,Template.properties
contactAcceptRecaptchaCookie,"Um das Kontaktformular abzuschicken, musst Du den Google reCAPTCHA-Cookie akzeptieren. Öffne die Datenschutzeinstellungen links unten auf der Seite und klicke auf ""Weitere Einstellungen"". Aktiviere den reCAPTCHA-Cookie im Bereich ""Externe Medien"" und speichere die Einstellungen.",Ceres,Template.properties
contactCheckEntries,"Bitte Eingaben prüfen.",Ceres,Template.properties
contactCheckFormFields,"Bitte folgende Felder überprüfen: :fields.",Ceres,Template.properties
contactEditMessage,"Bitte gib eine Nachricht ein.",Ceres,Template.properties
contactEditSubject,"Bitte gib einen Betreff ein.",Ceres,Template.properties
contactEnterConfirmEmail,"Bitte gib eine gültige E-Mail-Adresse an.",Ceres,Template.properties
contactFileUploadFail,"Die Datei konnte nicht hochgeladen werden, da sie die maximale Dateigröße von 10 MB übersteigt.",Ceres,Template.properties
contactHoneypotLabel,"Kontakt Honig",Ceres,Template.properties
contactMail,E-Mail,Ceres,Template.properties
contactMailSubject,:subject,Ceres,Template.properties
contactMessage,Nachricht,Ceres,Template.properties
contactMetaDescription,,Ceres,Template.properties
contactName,Name,Ceres,Template.properties
contactOpeningTimes,"Montag - Freitag, 09:00 - 16:00",Ceres,Template.properties
contactOptional,optional,Ceres,Template.properties
contactOrderId,Auftrags-ID,Ceres,Template.properties
contactPrivacyPolicy,Daten:hyphenschutz:hyphenerklärung,Ceres,Template.properties
contactReCaptchaFailed,"reCAPTCHA-Validierung fehlgeschlagen.",Ceres,Template.properties
contactRequiredField,"Hierbei handelt es sich um ein Pflichtfeld.",Ceres,Template.properties
contactSend,"Anfrage senden",Ceres,Template.properties
contactSendFail,"Deine Anfrage konnte leider nicht gesendet werden. Bitte versuche es später noch einmal.",Ceres,Template.properties
contactSendMeACopy,"Kopie an mich",Ceres,Template.properties
contactSendSuccess,"Deine Anfrage wurde erfolgreich gesendet.",Ceres,Template.properties
contactSenderMail,Absender-E-Mail,Ceres,Template.properties
contactShopMessage,"Du hast eine Frage oder ein Anliegen? Dann nimm mit uns Kontakt auf. Fülle einfach das Formular aus und wir werden Deine Anfrage schnellstmöglich bearbeiten.",Ceres,Template.properties
contactSubject,Betreff,Ceres,Template.properties
contactVatNumber,Umsatzsteuer-ID,Ceres,Template.properties
liveShoppingBefore,"Statt: :price",Ceres,Template.properties
liveShoppingDays,Tage,Ceres,Template.properties
liveShoppingFootnote,*,Ceres,Template.properties
liveShoppingHours,Stunden,Ceres,Template.properties
liveShoppingLowestPrice,"Niedrigster Preis der letzten 30 Tage: <span>:price</span>",Ceres,Template.properties
liveShoppingMinutes,Minuten,Ceres,Template.properties
liveShoppingNextOffer,"Nächstes Angebot",Ceres,Template.properties
liveShoppingOfferBeginsIn,"Angebot startet in:",Ceres,Template.properties
liveShoppingOfferClosed,"Angebot beendet",Ceres,Template.properties
liveShoppingOfferEndsIn,"Angebot endet in:",Ceres,Template.properties
liveShoppingOfferSoldOut,"Angebot ausverkauft",Ceres,Template.properties
liveShoppingRebate,"Du sparst :rebate%",Ceres,Template.properties
liveShoppingRemainingStock,"Noch :quantityRemaining von :quantityMax verfügbar",Ceres,Template.properties
liveShoppingRrp,"UVP: :price",Ceres,Template.properties
liveShoppingSeconds,Sekunden,Ceres,Template.properties
login,Anmelden,Ceres,Template.properties
loginBackToLogin,Zurück,Ceres,Template.properties
loginBlocked,"Dein Kundenkonto wurde gesperrt. Bitte kontaktiere den Betreiber.",Ceres,Template.properties
loginCallToAction,"Du bist noch kein Kunde?",Ceres,Template.properties
loginEmail,E-Mail,Ceres,Template.properties
loginEmptyPassword,"Bitte gib Dein Passwort ein.",Ceres,Template.properties
loginEnterConfirmEmail,"Bitte gib eine gültige E-Mail-Adresse an.",Ceres,Template.properties
loginFailed,"Die Anmeldedaten sind ungültig.",Ceres,Template.properties
loginForgotPassword,"Passwort vergessen",Ceres,Template.properties
loginForgotPasswordHoneypotLabel,"Passwort vergessen Honig",Ceres,Template.properties
loginForgotPasswordInfo,"Bitte gib die E-Mail-Adresse des Kontos ein, für das Du das Passwort vergessen hast.",Ceres,Template.properties
loginHello,"Hallo, :username",Ceres,Template.properties
loginLogout,Ausloggen,Ceres,Template.properties
loginMyAccount,"Mein Konto",Ceres,Template.properties
loginNext,Weiter,Ceres,Template.properties
loginOrderAsGuest,"Als Gast bestellen",Ceres,Template.properties
loginPassword,Passwort,Ceres,Template.properties
loginRegister,Registrieren,Ceres,Template.properties
loginResetPwDErrorOnSendEmail,"Die E-Mail konnte nicht gesendet werden. Bitte kontaktiere den Shop-Betreiber.",Ceres,Template.properties
loginSend,Senden,Ceres,Template.properties
loginSendEmailOk,"E-Mail versendet.",Ceres,Template.properties
loginSuccessful,"Du wurdest erfolgreich eingeloggt.",Ceres,Template.properties
myAccount,"Mein Konto",Ceres,Template.properties
myAccountAll,alle,Ceres,Template.properties
myAccountBank,Kreditinstitut,Ceres,Template.properties
myAccountBankAddDataTitle,"Bankdaten hinzufügen",Ceres,Template.properties
myAccountBankBicNotification,"Bitte BIC bei Auslandsüberweisungen angeben",Ceres,Template.properties
myAccountBankDataAdded,"Bankdaten hinzugefügt",Ceres,Template.properties
myAccountBankDataDeleted,"Bankdaten gelöscht",Ceres,Template.properties
myAccountBankDataNotAdded,"Bankdaten nicht hinzugefügt",Ceres,Template.properties
myAccountBankDataNotDeleted,"Bankdaten nicht gelöscht",Ceres,Template.properties
myAccountBankDataNotUpdated,"Bankdaten nicht aktualisiert",Ceres,Template.properties
myAccountBankDataUpdated,"Bankdaten aktualisiert",Ceres,Template.properties
myAccountBankDeleteTitle,"Bankdaten löschen",Ceres,Template.properties
myAccountBankDeleteWarning,"Bankdaten wirklich löschen?",Ceres,Template.properties
myAccountBankDetails,Bankdaten,Ceres,Template.properties
myAccountBankNoBankData,"Noch keine Bankdaten vorhanden",Ceres,Template.properties
myAccountBankUpdateDataTitle,"Bankdaten bearbeiten",Ceres,Template.properties
myAccountCancel,Abbrechen,Ceres,Template.properties
myAccountChangeEmail,"E-Mail-Adresse ändern",Ceres,Template.properties
myAccountChangeEmailConfirmationSent,"Eine E-Mail zur Bestätigung der Änderungen wurde an Deine E-Mail-Adresse gesendet.",Ceres,Template.properties
myAccountChangeEmailFailed,"Die E-Mail-Adresse konnte nicht geändert werden.",Ceres,Template.properties
myAccountChangeEmailInfoText,"Bitte gib Dein Passwort ein, um den Vorgang abzuschließen.",Ceres,Template.properties
myAccountChangeEmailSuccessful,"Die E-Mail-Adresse wurde erfolgreich geändert.",Ceres,Template.properties
myAccountChangeLoginData,"Ändere Deine Zugangsdaten",Ceres,Template.properties
myAccountChangePassword,"Passwort ändern",Ceres,Template.properties
myAccountChangePasswordFailed,"Das Passwort konnte nicht geändert werden.",Ceres,Template.properties
myAccountChangePasswordSuccessful,"Das Passwort wurde erfolgreich geändert.",Ceres,Template.properties
myAccountChangePaymentInformation,"Ändere Deine Zahlungsinformationen",Ceres,Template.properties
myAccountCorrectEmail,"E-Mail-Adressen stimmen nicht überein.",Ceres,Template.properties
myAccountCorrectPassword,"Passwörter stimmen nicht überein.",Ceres,Template.properties
myAccountCustomerSign,"Dein Zeichen",Ceres,Template.properties
myAccountDelete,Löschen,Ceres,Template.properties
myAccountEdit,Bearbeiten,Ceres,Template.properties
myAccountEmail,E-Mail,Ceres,Template.properties
myAccountHello,"Hallo, :username",Ceres,Template.properties
myAccountHolder,Kontoinhaber,Ceres,Template.properties
myAccountInvoiceAddresses,Rechnungsadressen,Ceres,Template.properties
myAccountLogout,Ausloggen,Ceres,Template.properties
myAccountNewEmail,"Neue E-Mail-Adresse",Ceres,Template.properties
myAccountNewPassword,"Neues Passwort",Ceres,Template.properties
myAccountOldEmail,"Diese E-Mail-Adresse ist bereits für Dein Nutzerkonto registriert.",Ceres,Template.properties
myAccountOldPassword,"Altes Passwort",Ceres,Template.properties
myAccountOrderDocumentsCorrectionDocument,Korrekturbeleg,Ceres,Template.properties
myAccountOrderDocumentsCreditNote,Gutschrift,Ceres,Template.properties
myAccountOrderDocumentsDeliveryNote,Lieferschein,Ceres,Template.properties
myAccountOrderDocumentsDunningLetter,Mahnung,Ceres,Template.properties
myAccountOrderDocumentsInvoice,Rechnung,Ceres,Template.properties
myAccountOrderDocumentsInvoiceExternal,"Externe Rechnung",Ceres,Template.properties
myAccountOrderDocumentsOffer,Angebot,Ceres,Template.properties
myAccountOrderDocumentsOrderConfirmation,Auftragsbestätigung,Ceres,Template.properties
myAccountOrderDocumentsPickupDelivery,Abhollieferung,Ceres,Template.properties
myAccountOrderDocumentsProFormaInvoice,Proformarechnung,Ceres,Template.properties
myAccountOrderDocumentsReceipt,Kassenbeleg,Ceres,Template.properties
myAccountOrderDocumentsReturnNote,Rücksendeschein,Ceres,Template.properties
myAccountOrderDocumentsReversalDocument,Stornobeleg,Ceres,Template.properties
myAccountOrderDocumentsSuccessConfirmation,Gelangensbestätigung,Ceres,Template.properties
myAccountPassword,Passwort,Ceres,Template.properties
myAccountPleaseSelect,"Bitte wählen",Ceres,Template.properties
myAccountRepeatEmail,"Neue E-Mail-Adresse wiederholen",Ceres,Template.properties
myAccountRepeatPassword,"Neues Passwort wiederholen",Ceres,Template.properties
myAccountSave,Speichern,Ceres,Template.properties
myAccountSettings,Kontoeinstellungen,Ceres,Template.properties
myAccountShippingAddresses,Lieferadressen,Ceres,Template.properties
newsletterHeadline,"Erhalte jetzt deinen 8€ Willkommensgutschein",Ceres,Homepage.properties
newsletterText,"durch das Abonnieren unseres Newsletters.",Ceres,Homepage.properties
newsletterAcceptPrivacyPolicy,"Hiermit bestätige ich, dass ich die :policy gelesen habe. Meine Einwilligung kann ich jederzeit widerrufen.",Ceres,Template.properties
newsletterAcceptRecaptchaCookie,"Um die Newsletter Anmeldung abzuschicken, musst Du den Google reCAPTCHA-Cookie akzeptieren. Öffne die Datenschutzeinstellungen links unten auf der Seite und klicke auf ""Weitere Einstellungen"". Aktiviere den reCAPTCHA-Cookie im Bereich ""Externe Medien"" und speichere die Einstellungen.",Ceres,Template.properties
newsletterCheckboxLabel,"Ja, ich möchte immer über aktuelle Produkte, Angebote und Neuigkeiten per Newsletter informiert werden.",Ceres,Template.properties
newsletterEmail,E-Mail,Ceres,Template.properties
newsletterErrorMessage,"Die Newsletter-Anmeldung war nicht erfolgreich.",Ceres,Template.properties
newsletterFirstName,Vorname,Ceres,Template.properties
newsletterHoneypotLabel,"Newsletter Honig",Ceres,Template.properties
newsletterHoneypotWarning,"Die Newsletter-Anmeldung wurde nicht ausgeführt, da der Verdacht besteht, dass der Anmeldeversuch von einem Bot ausging. Bitte wende Dich an den Webshop-Betreiber.",Ceres,Template.properties
newsletterIsRequired,"Hierbei handelt es sich um ein Pflichtfeld.",Ceres,Template.properties
newsletterIsRequiredFootnote,**,Ceres,Template.properties
newsletterLastName,Nachname,Ceres,Template.properties
newsletterNotAllowedCharacters,"Das Feld "":name"" darf keine Sonderzeichen enthalten.",Ceres,Template.properties
newsletterOptInMessage,"Deine E-Mail-Adresse wurde bestätigt.",Ceres,Template.properties
newsletterOptOutErrorMessage,"Du wurdest nicht vom Newsletter abgemeldet.",Ceres,Template.properties
newsletterOptOutInfoText,"Bitte gib Deine E-Mail-Adresse ein, um Dich vom Newsletter abzumelden.",Ceres,Template.properties
newsletterOptOutSuccessMessage,"Die Abmeldung vom Newsletter war erfolgreich.",Ceres,Template.properties
newsletterOptOutTitle,Newsletter-Abmeldung,Ceres,Template.properties
newsletterSubscribeButtonLabel,Abonnieren,Ceres,Template.properties
newsletterSuccessMessage,"Die Newsletter-Anmeldung war erfolgreich.",Ceres,Template.properties
newsletterUnsubscribeButtonLabel,Abmelden,Ceres,Template.properties
newsletterUnsubscribeHoneypotLabel,"Newsletter-Abmeldung Honig",Ceres,Template.properties
newsletterUsername,Benutzername,Ceres,Template.properties
resetPwChangePasswordFailed,"Das Passwort konnte nicht geändert werden.",Ceres,Template.properties
resetPwChangePasswordSuccessful,"Das Passwort wurde erfolgreich geändert.",Ceres,Template.properties
resetPwCheckPassword,"Die Passwörter stimmen nicht überein.",Ceres,Template.properties
resetPwInvalidPassword,"Ungültiges Format. Bitte beachte die Vorgaben.",Ceres,Template.properties
resetPwMail,"Hallo <firstname> <lastname>,<br><br>Du hast für Dein Benutzerkonto <email> ein neues Passwort angefordert.<br>Um den Prozess abzuschließen, klicke bitte auf folgenden Link: <br><br><a href=""<url>"" target=""_blank"" rel=""noopener"" title=""Passwort zurücksetzen""><url></a><br><br>Viele Grüße,<br><shopname>"" ; deprecated",Ceres,Template.properties
resetPwMailSubject,"Ändern Deines Passworts"" ; deprecated",Ceres,Template.properties
resetPwNewPassword,"Neues Passwort",Ceres,Template.properties
resetPwPasswordHintChar,"Das Passwort muss mindestens einen Buchstaben enthalten.",Ceres,Template.properties
resetPwPasswordHintDigit,"Das Passwort muss mindestens eine Ziffer enthalten.",Ceres,Template.properties
resetPwPasswordHintLength,"Das Passwort muss mindestens 8 Zeichen enthalten.",Ceres,Template.properties
resetPwPasswordHintTitle,"Wähle ein sicheres Passwort.",Ceres,Template.properties
resetPwRepeatNewPassword,"Bitte gib Dein Passwort erneut ein.",Ceres,Template.properties
resetPwRepeatPassword,"Passwort wiederholen",Ceres,Template.properties
resetPwResetPassword,"Passwort ändern",Ceres,Template.properties
resetPwSave,Speichern,Ceres,Template.properties
regContactInfoText1,"Wir bieten Dir die Speicherung Deiner persönlichen Daten in einem passwortgeschützten Kundenkonto an, sodass Du bei Deinem nächsten Einkauf nicht erneut Deinen Namen und Deine Anschrift eingeben musst.",Ceres,Template.properties
regContactInfoText2,"Durch die Registrierung werden Deine Adressdaten gespeichert.",Ceres,Template.properties
regContactInfoText3,"Du kannst Dein Kundenkonto jederzeit löschen, melde Dich dafür bei dem Betreiber dieser Seite.",Ceres,Template.properties
regContactInfoText4,"Beim nächsten Besuch benötigst Du zum Aufrufen Deiner persönlichen Daten lediglich Deine E-Mail und Dein Passwort.",Ceres,Template.properties
regContactInformations,"Hinweise zur Registrierung",Ceres,Template.properties
regCreateAccount,"Jetzt registrieren",Ceres,Template.properties
regEmail,E-Mail,Ceres,Template.properties
regError,"Für diese E-Mail-Adresse existiert bereits ein Konto.",Ceres,Template.properties
regHoneypotLabel,"Honig registrieren",Ceres,Template.properties
regPassword,Passwort,Ceres,Template.properties
regPasswordHintChar,"Das Passwort muss mindestens einen Buchstaben enthalten.",Ceres,Template.properties
regPasswordHintDigit,"Das Passwort muss mindestens eine Ziffer enthalten.",Ceres,Template.properties
regPasswordHintLength,"Das Passwort muss mindestens 8 Zeichen enthalten.",Ceres,Template.properties
regPasswordHintTitle,"Wähle ein sicheres Passwort.",Ceres,Template.properties
regRegister,Registrieren,Ceres,Template.properties
regRegisterAccount,"Registriere Dich",Ceres,Template.properties
regRepeatPassword,"Passwort wiederholen",Ceres,Template.properties
regSuccessful,"Du wurdest erfolgreich registriert.",Ceres,Template.properties
return,Retoure,Ceres,Template.properties
returnCancel,Abbrechen,Ceres,Template.properties
returnCenter,Retouren-Center,Ceres,Template.properties
returnConfirm,Bestätigen,Ceres,Template.properties
returnReason,"Bitte nenne einen Grund für Deine Rücksendung (optional)",Ceres,Template.properties
returnSelectAll,"Alle auswählen",Ceres,Template.properties
returnSendBack,"Artikel zurücksenden",Ceres,Template.properties
returnTrigger,"Retoure auslösen",Ceres,Template.properties
returnConfirmationHomepage,Startseite,Ceres,Template.properties
returnConfirmationInfo,"Wir haben Deine Retoure erfasst. Wir informieren Dich über den weiteren Ablauf.",Ceres,Template.properties
returnConfirmationMyAccount,"Mein Konto",Ceres,Template.properties
returnConfirmationThanks,"Vielen Dank!",Ceres,Template.properties
returnConfirmationTitle,"Retoure erfasst",Ceres,Template.properties
returnHistory,Retourenhistorie,Ceres,Template.properties
returnHistoryDate,Retourendatum,Ceres,Template.properties
returnHistoryDocuments,Retourendokumente,Ceres,Template.properties
returnHistoryHint,"Alle Retouren",Ceres,Template.properties
returnHistoryNoReturns,"Es sind noch keine Retouren vorhanden.",Ceres,Template.properties
returnHistoryOops,"Ups, ein Fehler!",Ceres,Template.properties
returnHistoryOrderId,Auftrags-ID,Ceres,Template.properties
returnHistoryPaymentMethod,Zahlungsart,Ceres,Template.properties
returnHistoryQuantity,Stückzahl,Ceres,Template.properties
returnHistoryReturnCount,Anzahl,Ceres,Template.properties
returnHistoryReturnId,Retouren-ID,Ceres,Template.properties
returnHistoryReturnShowLess,"Weniger anzeigen",Ceres,Template.properties
returnHistoryReturnShowMore,"Mehr anzeigen",Ceres,Template.properties
returnHistoryShow,"Zeige :countStart - :countEnd von :orderMaxCount Aufträgen",Ceres,Template.properties
returnHistoryStatus,Status,Ceres,Template.properties
returnHistoryTime,Uhr,Ceres,Template.properties
pageNotFoundHomepage,Startseite,Ceres,Template.properties
pageNotFoundOops,"Ups, ein Fehler!",Ceres,Template.properties
pageNotFoundPage,"Die Seite, die du aufgerufen hast, wurde nicht gefunden.",Ceres,Template.properties
storeSpecialNew,Neuheit,Ceres,Template.properties
storeSpecialOffer,SALE%,Ceres,Template.properties
storeSpecialTop,Top-Artikel,Ceres,Template.properties
homepageBack,Zurück,Ceres,Template.properties
homepageMetaDescription,,Ceres,Template.properties
homepageNext,Nächste,Ceres,Template.properties
homepageShowAll,"Alle ansehen",Ceres,Template.properties
accessKeyMailFailed,"Die E-Mail konnte nicht versendet werden, bitte kontaktiere den Shopbetreiber.",Ceres,Template.properties
accessKeyMailSent,"E-Mail wurde versandt.",Ceres,Template.properties
alreadyPaidPaymentMethodDescription,"Zu zahlender Betrag beträgt 0 :currency",Ceres,Template.properties
alreadyPaidPaymentMethodName,"Bereits bezahlt",Ceres,Template.properties
closeIcon,Schließen,Ceres,Template.properties
consentConsentDescription,"Der Consent-Cookie speichert den Zustimmungsstatus des Benutzers für Cookies auf unserer Seite.",Ceres,Template.properties
consentConsentLabel,Consent,Ceres,Template.properties
consentCsrfDescription,"Der CSRF-Cookie dient dazu, Cross-Site Request Forgery-Angriffe zu verhindern.",Ceres,Template.properties
consentCsrfLabel,CSRF,Ceres,Template.properties
consentGoogleMapsBlockedHint,"Die Karte kann aufgrund ihrer Datenschutzeinstellungen nicht angezeigt werden. Bitte akzeptiere die Verwendung von Google Maps, um die Karte zu verwenden.",Ceres,Template.properties
consentGoogleMapsDescription,"Der Google Maps-Cookie wird zum Entsperren von Google Maps-Inhalten verwendet.",Ceres,Template.properties
consentGoogleMapsLabel,"Google Maps",Ceres,Template.properties
consentGoogleMapsLifespan,"6 Monate",Ceres,Template.properties
consentGoogleMapsPolicyUrl,https://policies.google.com/privacy,Ceres,Template.properties
consentGoogleMapsProvider,Google,Ceres,Template.properties
consentGroupConvenienceDescription,"Diese Cookies ermöglichen, dass die von Nutzern getroffenen Auswahlmöglichkeiten und bevorzugte Einstellungen (z.B. das Deaktivieren der Sprachweiterleitung) gespeichert werden können.",Ceres,Template.properties
consentGroupConvenienceLabel,Funktional,Ceres,Template.properties
consentGroupMarketingDescription,"Marketing-Cookies werden von Drittanbietern und Publishern verwendet, um personalisierte Werbung anzuzeigen. Diese tun dies, indem sie Besucher über Websites hinweg verfolgen.",Ceres,Template.properties
consentGroupMarketingLabel,Marketing,Ceres,Template.properties
consentGroupMediaDescription,"Inhalte von Videoplattformen und Social Media Plattformen werden standardmäßig blockiert. Wenn Cookies von externen Medien akzeptiert werden, bedarf der Zugriff auf diese Inhalte keiner manuellen Zustimmung mehr.",Ceres,Template.properties
consentGroupMediaLabel,"Externe Medien",Ceres,Template.properties
consentGroupNecessaryDescription,"Essenzielle Cookies ermöglichen grundlegende Funktionen und sind für die einwandfreie Funktion der Website erforderlich.",Ceres,Template.properties
consentGroupNecessaryLabel,Essenziell,Ceres,Template.properties
consentGroupPaymentDescription,"Diese Cookies sind für die Verwendung einzelner Zahlungsdienstleister notwendig.",Ceres,Template.properties
consentGroupPaymentLabel,Zahlungsdienstleister,Ceres,Template.properties
consentGroupTrackingDescription,"Statistik-Cookies erfassen Informationen anonym. Diese Informationen helfen uns zu verstehen, wie unsere Besucher unsere Website nutzen.",Ceres,Template.properties
consentGroupTrackingLabel,Statistik,Ceres,Template.properties
consentLanguageDetectionDescription,"Dieser Cookie erfasst, ob ein Nutzer die Sprachweiterleitung abgelehnt hat.",Ceres,Template.properties
consentLanguageDetectionLabel,"Automatische Spracherkennung",Ceres,Template.properties
consentLifespan100Days,"100 Tage",Ceres,Template.properties
consentLifespanSession,Session,Ceres,Template.properties
consentReCaptchaCookieNotSet,"Das reCAPTCHA-Script wurde nicht akzeptiert. reCAPTCHA kann nicht ausgeführt werden. Dadurch können ggf. Formulare nicht versendet werden.",Ceres,Template.properties
consentReCaptchaDescription,"Das Google reCAPTCHA-Script wird zur Entsperrung der Captcha-Funktion verwendet.",Ceres,Template.properties
consentReCaptchaLabel,reCAPTCHA,Ceres,Template.properties
consentReCaptchaPolicyUrl,https://policies.google.com/privacy,Ceres,Template.properties
consentReCaptchaProvider,Google,Ceres,Template.properties
consentSessionDescription,"Der Session-Cookie behält die Zustände des Benutzers bei allen Seitenanfragen bei.",Ceres,Template.properties
consentSessionLabel,Session,Ceres,Template.properties
cookieBarAcceptAll,"Alle akzeptieren",Ceres,Template.properties
cookieBarBack,Zurück,Ceres,Template.properties
cookieBarDenyAll,"Alle ablehnen",Ceres,Template.properties
cookieBarHintText,"Wir verwenden Cookies und ähnliche Technologien auf unserer Website und verarbeiten personenbezogene Daten von Besucher:innen unserer Webseite (z.B. IP-Adresse), um z.B. Inhalte und Anzeigen zu personalisieren, Medien von Drittanbietern einzubinden oder Zugriffe auf unsere Website zu analysieren. Die Datenverarbeitung erfolgt erst durch gesetzte Cookies. Wir teilen diese Daten mit Dritten, die wir in den Einstellungen benennen.<br>Die Datenverarbeitung kann mit Einwilligung oder aufgrund eines berechtigten Interesses erfolgen. Die Zustimmung kann erteilt oder abgelehnt werden. Es besteht das Recht, nicht einzuwilligen und die Einwilligung zu einem späteren Zeitpunkt zu ändern oder zu widerrufen. Beachte unser :legal und weitere Hinweise zur Verwendung personenbezogener Daten in unserer :policy.",Ceres,Template.properties
cookieBarMoreSettings,"Weitere Einstellungen",Ceres,Template.properties
cookieBarPrivacySettings,Datenschutzeinstellungen,Ceres,Template.properties
cookieBarSave,"Auswahl akzeptieren",Ceres,Template.properties
crossPriceRRP,"UVP :price",Ceres,Template.properties
crossPriceSpecialOffer,:price,Ceres,Template.properties
csrfTokenMismatch,"Du wurdest aus Sicherheitsgründen abgemeldet. Du wirst zur Login-Seite weitergeleitet.",Ceres,Template.properties
declarationOfAccessibility,Barrierefreiheitserklärung,Ceres,Template.properties
declarationOfAccessibilityMetaDescription,,Ceres,Template.properties
dynamicSetComponentPrice,"ab :price",Ceres,Template.properties
dynamicSetPrice,"ab :price",Ceres,Template.properties
dynamicVariationPrice,:price,Ceres,Template.properties
errorActionIsNotExecuted,"Die Aktion konnte nicht ausgeführt werden.",Ceres,Template.properties
errorBasketItemMaximumQuantityReachedForItem,"Die maximale Bestellmenge dieses Artikels wurde überschritten.",Ceres,Template.properties
errorBasketItemMaximumQuantityReachedForVariation,"Die maximale Bestellmenge dieser Variante wurde überschritten.",Ceres,Template.properties
errorBasketItemMinimumQuantityNotReachedForVariation,"Die Mindestbestellmenge dieser Variante wurde nicht erreicht.",Ceres,Template.properties
errorBasketItemNotEnoughStockForVariation,"Die gewählte Menge konnte nicht in den Warenkorb gelegt werden, da sie den verfügbaren Warenbestand übersteigt. :stock sind zur Zeit auf Lager.",Ceres,Template.properties
errorBasketItemVariationNotFound,"Die Variante ist nicht verfügbar.",Ceres,Template.properties
errorCreateOrderRetryTimeNotReached,"Beim Anlegen des Auftrags ist ein Fehler aufgetreten. Bitte versuchen sie es in 30 Sekunden erneut.",Ceres,Template.properties
errorGiftCardReturnQuantity,"Retoure konnte nicht angelegt werden. Alle im Auftrag enthaltenen Gutscheine müssen gemeinsam retourniert werden.",Ceres,Template.properties
errorMinimumOrderValueNotReached,"Der Mindestbestellwert in Höhe von :minimumOrderValue :currency wurde nicht erreicht.",Ceres,Template.properties
errorPostTooLarge,"Die erlaubte Dateigröße von :maxSize MB wurde überschritten.",Ceres,Template.properties
errorVatNumberValidation,"Die Umsatzsteuer-Identifikationsnummer ist ungültig. Bitte entferne alle Leer- und Sonderzeichen sowie das Länderkürzel.",Ceres,Template.properties
errorVatService,"Die Umsatzsteuer-Identifikationsnummer konnte nicht bestätigt werden. Bitte wende Dich an den Shop-Betreiber.",Ceres,Template.properties
errorVatServiceFallback,"Die Umsatzsteuer-Identifikationsnummer konnte nicht bestätigt werden. Der Auftrag wird erneut geprüft.",Ceres,Template.properties
languageDetectionButton,"Deutsche Website öffnen",Ceres,Template.properties
languageDetectionText,"Klicke auf die Schaltfläche, um deutsche Inhalte zu sehen.",Ceres,Template.properties
menuLabel,"Mobiles Navigationsmenü öffnen",Ceres,Template.properties
modalTitle,"Modal titel",Ceres,Template.properties
paginationFirstPage,"Zur ersten Seite",Ceres,Template.properties
paginationGoToPage,"Zu Seite :page",Ceres,Template.properties
paginationLastPage,"Zur letzten Seite",Ceres,Template.properties
paginationNextPage,"Zur nächsten Seite",Ceres,Template.properties
paginationPrevPage,"Zur vorherigen Seite",Ceres,Template.properties
paginationTitle,Seitennummerierung,Ceres,Template.properties
privacySettings,Datenschutzeinstellungen,Ceres,Template.properties
privacySettingsDefaultGroup,Sonstige,Ceres,Template.properties
privacySettingsDescription,Zweck,Ceres,Template.properties
privacySettingsLessInformation,"Weniger Informationen",Ceres,Template.properties
privacySettingsLifespan,Laufzeit,Ceres,Template.properties
privacySettingsMoreInformation,"Mehr Informationen",Ceres,Template.properties
privacySettingsNecessary,Essenziell,Ceres,Template.properties
privacySettingsPolicyUrl,Datenschutzerklärung,Ceres,Template.properties
privacySettingsProvider,Anbieter,Ceres,Template.properties
softLoginDescriptionName,"Bitte gib den Nachnamen oder den Firmennamen ein, der am Auftrag hinterlegt ist, um die Auftragsdetails einzusehen.",Ceres,Template.properties
softLoginDescriptionPostcode,"Bitte gib die Postleitzahl einer Adresse ein, die am Auftrag hinterlegt ist, um die Auftragsdetails einzusehen.",Ceres,Template.properties
softLoginInputLabelName,Name,Ceres,Template.properties
softLoginInputLabelPostcode,Postleitzahl,Ceres,Template.properties
softLoginRegenerateDescription,"Klicke auf den Button, um einen neuen Link per E-Mail zu erhalten.",Ceres,Template.properties
softLoginRegenerateSubmitLabel,"Link generieren",Ceres,Template.properties
softLoginRegenerateTitle,"Der Link zur Bestellbestätigung ist abgelaufen.",Ceres,Template.properties
softLoginSubmitLabel,Prüfen,Ceres,Template.properties
softLoginTitle,Anmeldung,Ceres,Template.properties
sortingLabel,Sortierung,Ceres,Template.properties
stepByStepNavigationShowMore,"Mehr anzeigen",Ceres,Template.properties
tagSearchResults,"Mit Tag "":searchString"" verknüpfte Artikel",Ceres,Template.properties
shippingInfoCosts,Versandkosten,Ceres,Template.properties
basket,Warenkorb,Ceres,Template.properties
basketAdditionalCosts,"Zusatzkosten (Preis pro Artikel)",Ceres,Template.properties
basketAdditionalOptions,"Deine Zusatzoptionen (Preis pro Artikel)",Ceres,Template.properties
basketAdditionalOptionsWithoutPrice,"Deine Zusatzoptionen:",Ceres,Template.properties
basketAvailability,Verfügbarkeit,Ceres,Template.properties
basketCheckout,Kasse,Ceres,Template.properties
basketContent,Inhalt,Ceres,Template.properties
basketCoupon,Gutschein,Ceres,Template.properties
basketDelete,Löschen,Ceres,Template.properties
basketExportDeliveryWarning,"Mit der Bestellung nehme ich zur Kenntnis, dass der Versand aus dem Land :from in das Zielland :to erfolgt. Die dortige Mehrwertsteuer, die Verzollungskosten und Zölle sind in der Endsumme der Bestellung nicht inbegriffen und sind Dritten zu bezahlen. Die Kosten gehen zu meinen Lasten.",Ceres,Template.properties
basketGross,(Brutto),Ceres,Template.properties
basketIncludeAbbr,inkl.,Ceres,Template.properties
basketItemId,Art.-ID,Ceres,Template.properties
basketItemNumber,Artikelnummer,Ceres,Template.properties
basketItemOverlayAdditionalCount,"+:count weitere(r) Artikel",Ceres,Template.properties
basketNet,(Netto),Ceres,Template.properties
basketNoItems,"Du hast noch keine Artikel im Warenkorb.",Ceres,Template.properties
basketOops,"Ups, ein Fehler!",Ceres,Template.properties
basketOpenAmount,"Zu zahlender Betrag",Ceres,Template.properties
basketPlusAbbr,zzgl.,Ceres,Template.properties
basketPreview,Warenkorbvorschau,Ceres,Template.properties
basketRebate,"Rabatt auf Warenwert",Ceres,Template.properties
basketRebateSign,,Ceres,Template.properties
basketShippingCosts,Versandkosten,Ceres,Template.properties
basketShowLess,Weniger,Ceres,Template.properties
basketShowMore,Mehr,Ceres,Template.properties
basketSubAmount,Zwischensumme,Ceres,Template.properties
basketSubTotal,Zwischensumme,Ceres,Template.properties
basketSum,Summe,Ceres,Template.properties
basketTotalSum,Gesamtsumme,Ceres,Template.properties
basketVAT,MwSt.,Ceres,Template.properties
basketValue,Warenwert,Ceres,Template.properties
cancellationRights,Widerrufs:hyphenrecht,Ceres,Template.properties
cancellationRightsMetaDescription,,Ceres,Template.properties
cancellationForm,Widerrufs:hyphenformular,Ceres,Template.properties
cancellationFormMetaDescription,,Ceres,Template.properties
cancellationFormPrint,Drucken,Ceres,Template.properties
wishList,Wunschliste,Ceres,Template.properties
wishListAvailability,Verfügbarkeit,Ceres,Template.properties
wishListContent,Inhalt,Ceres,Template.properties
wishListDelete,Löschen,Ceres,Template.properties
wishListInactiveItemAvailability,"Nicht verfügbar",Ceres,Template.properties
wishListInactiveItemId,"Varianten ID",Ceres,Template.properties
wishListInactiveItems,"Derzeit nicht verfügbar",Ceres,Template.properties
wishListItemId,Art.-ID,Ceres,Template.properties
wishListItemNumber,Artikelnummer,Ceres,Template.properties
wishListNoItems,"Du hast noch keine Artikel in der Merkliste.",Ceres,Template.properties
wishListRemoved,"Der Artikel wurde von der Wunschliste entfernt.",Ceres,Template.properties
cookieDescription,"YouTube Cookies. Die Cookies werden benötigt, um die integrierte YouTube Videos abspielen zu können.",ItemVideoPlugin,Template.properties
cookieLifespan,"Verschiedene (bis max 2 Jahre)",ItemVideoPlugin,Template.properties
cookiePolicieLink,https://policies.google.com/privacy,ItemVideoPlugin,Template.properties
cookiePolicyLinkText,Cookie-Richtlinie,ItemVideoPlugin,Template.properties
videoInfoPopupLinkText,"Cookies setzen erlauben und Video anschauen",ItemVideoPlugin,Template.properties
videoInfoPopupText,"Dieses Video ist im erweiterten Datenschutzmodus von Youtube eingebunden, der das Setzen von Youtube-Cookies solange blockiert, bis ein aktiver Klick auf die Wiedergabe erfolgt. Mit Klick auf den Wiedergabe-Button erteilst Du Deine Einwilligung darin, dass YouTube auf dem von Dir verwendeten Endgerät Cookies setzt, die auch einer Analyse des Nutzungsverhaltens zu Marktforschungs- und Marketing-Zwecken dienen können. Näheres zur Cookie-Verwendung durch YouTube findest Du in der :cookiepolicylink von Google",ItemVideoPlugin,Template.properties
filterCollapse,"Weitere Filteroptionen",FilterDrop,Template.properties
filterSubmitPrice,Übernehmen,FilterDrop,Template.properties
selectedFilters,"Ausgewählte Filter:",FilterDrop,Template.properties
minPrice,Mindestpreis,FilterDrop,Template.properties
maxPrice,Maximalpreis,FilterDrop,Template.properties
createAccount,"Kundenkonto anlegen und Vorteile sichern",FastCheckout,Template.properties
diffDeliveryAddress,"abweichende Lieferadresse",FastCheckout,Template.properties
emailAlreadyExist,"Diese E-Mail Adresse existiert bereits.",FastCheckout,Template.properties
loginNow,Anmelden,FastCheckout,Template.properties
close,Schließen,FastCheckout,Template.properties
alreadyCustomer,"Ich bin bereits Kunde",FastCheckout,Template.properties
registerMe,"Registrieren und Vorteile sichern",FastCheckout,Template.properties
fillAllFieldsNote,"<i class='fa fa-exclamation-circle text-danger mr-1' aria-hidden='true'></i><span>Bitte gib deine komplette Adresse ein um alle verfügbaren Zahlarten zu sehen.</span>",FastCheckout,Template.properties
newCustomer,Kontakt,FastCheckout,Template.properties
signIn,Anmelden,FastCheckout,Template.properties
passwordReset,"Passwort vergessen?",FastCheckout,Template.properties
fillOneData,"Bitte Anmelden oder Kontaktdaten eingeben",FastCheckout,Template.properties
quickRegisterHeader,"Registrieren und Kundenvorteile sichern",FastCheckout,Template.properties
quickRegisterBenefit1,"Schnellerer Bestellvorgang",FastCheckout,Template.properties
quickRegisterBenefit2,"Bestellstatus jederzeit einsehen",FastCheckout,Template.properties
quickRegisterBenefit3,"Persönliche Merkliste",FastCheckout,Template.properties
